num,ms,up,down,left,right
1,17,4,1,2,5
2,17,4,2,0,3
3,17,0,0,3,5
4,17,2,1,3,5
5,17,3,0,1,5
6,68,8,3,4,9
7,68,4,1,2,6
8,68,6,2,0,5
9,68,4,3,1,5
10,68,4,1,4,4
11,68,7,3,5,7
12,68,4,0,0,4
13,68,6,4,0,1
14,68,4,1,0,4
15,68,9,5,2,7
16,68,6,3,2,5
17,68,5,1,2,4
18,68,4,1,5,9
19,68,6,3,1,5
20,68,4,0,2,4
21,68,4,0,0,4
22,132,3,1,4,6
23,132,4,2,2,5
24,132,6,2,4,4
25,132,4,1,3,5
26,132,5,2,0,5
27,132,6,2,3,4
28,132,4,0,7,10
29,132,7,4,0,2
30,132,5,0,0,4
31,132,4,4,4,4
32,132,3,0,5,6
33,132,5,2,1,5
34,132,6,3,1,3
35,132,4,2,1,4
36,132,4,0,2,5
37,132,4,2,0,1
38,132,4,1,0,4
39,132,6,2,2,4
40,132,6,1,5,6
41,132,7,4,4,7
42,201,3,0,0,7
43,201,4,3,4,5
44,201,4,3,3,4
45,201,4,0,4,8
46,201,5,3,2,5
47,201,6,3,3,4
48,201,5,1,0,4
49,201,2,0,4,8
50,201,8,4,0,3
51,201,5,4,4,5
52,201,7,3,4,6
53,201,8,6,4,7
54,201,4,0,1,5
55,201,5,1,2,7
56,201,6,3,3,7
57,201,4,1,3,4
58,201,6,1,2,4
59,201,6,3,3,5
60,201,4,0,1,3
61,201,4,0,2,6
62,201,11,4,2,4
63,201,4,1,0,0
64,274,8,4,1,6
65,274,4,2,1,5
66,274,5,0,3,5
67,274,6,3,3,6
68,274,4,0,4,5
69,274,8,2,2,5
70,274,6,3,3,4
71,274,8,4,6,10
72,274,8,2,4,9
73,274,5,1,3,5
74,274,4,1,3,5
75,274,6,3,3,4
76,274,4,1,2,4
77,274,6,3,2,6
78,274,3,1,1,6
79,274,6,2,1,3
80,274,5,3,1,6
81,274,7,1,0,2
82,274,4,0,3,6
83,274,7,4,3,7
84,274,4,1,1,3
85,274,4,0,4,7
86,274,4,0,0,4
87,351,8,4,0,1
88,351,5,2,1,5
89,351,5,2,4,6
90,351,7,4,3,4
91,351,6,1,5,6
92,351,5,0,0,5
93,351,6,3,0,5
94,351,3,2,0,3
95,351,6,4,0,4
96,351,3,0,4,4
97,351,5,5,2,3
98,351,6,2,2,5
99,351,1,0,0,3
100,351,4,3,4,7
101,351,3,0,3,7
102,351,7,4,3,6
103,351,4,0,0,2
104,351,4,1,3,7
105,351,4,2,4,3
106,351,4,2,0,4
107,351,3,2,4,8
108,351,5,1,2,5
109,351,4,0,3,6
110,351,4,0,1,4
111,427,6,2,5,8
112,427,4,1,1,6
113,427,8,3,2,4
114,427,5,4,0,3
115,427,5,2,2,6
116,427,5,2,4,4
117,427,6,2,2,5
118,427,5,2,3,5
119,427,4,2,3,6
120,427,7,3,2,4
121,427,3,2,1,4
122,427,3,1,3,4
123,427,6,3,2,6
124,427,4,4,2,3
125,427,6,2,4,7
126,427,7,4,2,4
127,427,4,0,3,5
128,427,4,0,0,4
129,427,6,6,0,5
130,427,5,3,0,2
131,427,3,0,2,6
132,427,6,3,3,6
133,427,5,2,0,4
134,427,7,4,2,6
135,503,4,2,3,7
136,503,3,4,5,3
137,503,6,0,1,4
138,503,5,4,0,3
139,503,4,1,4,4
140,503,5,1,3,4
141,503,5,3,4,4
142,503,4,3,4,7
143,503,5,3,4,5
144,503,4,0,2,3
145,503,6,3,5,7
146,503,6,5,4,5
147,503,4,1,3,3
148,503,6,1,0,2
149,503,7,6,1,5
150,503,6,1,1,6
151,503,5,1,6,7
152,503,3,0,2,4
153,503,6,3,0,1
154,503,4,0,1,4
155,503,6,3,0,4
156,503,6,4,0,1
157,503,3,1,2,6
158,503,4,0,0,4
159,579,4,1,4,3
160,579,7,2,0,4
161,579,4,3,1,4
162,579,4,2,3,4
163,579,4,1,1,4
164,579,4,2,3,4
165,579,5,0,2,5
166,579,4,0,5,10
167,579,5,1,4,7
168,579,1,0,0,3
169,579,6,0,3,5
170,579,5,3,2,7
171,579,5,2,0,4
172,579,8,5,4,4
173,579,6,3,0,5
174,579,5,3,5,9
175,579,3,0,0,4
176,579,5,3,2,4
177,579,6,4,4,5
178,579,4,0,0,4
179,579,6,2,0,3
180,579,8,3,3,6
181,579,6,2,4,6
182,579,4,1,3,5
183,655,5,1,3,6
184,655,4,1,3,5
185,655,5,2,2,5
186,655,4,3,3,6
187,655,4,2,3,4
188,655,5,0,3,6
189,655,5,2,2,5
190,655,6,3,3,9
191,655,7,3,3,7
192,655,3,0,4,8
193,655,3,1,4,7
194,655,4,0,4,6
195,655,4,0,4,5
196,655,5,2,4,6
197,655,3,0,0,5
198,655,7,5,1,4
199,655,8,4,1,4
200,655,3,0,3,6
201,655,8,4,0,2
202,655,5,2,0,4
203,655,6,1,3,7
204,655,6,1,0,2
205,655,3,0,3,5
206,655,4,0,9,10
207,731,6,3,0,2
208,731,6,2,2,5
209,731,4,0,3,5
210,731,4,0,4,6
211,731,4,3,0,6
212,731,5,3,1,3
213,731,4,0,2,4
214,731,5,3,3,5
215,731,7,2,2,6
216,731,7,2,0,1
217,731,6,4,3,6
218,731,7,4,1,4
219,731,6,2,4,5
220,731,4,0,2,6
221,731,10,4,1,5
222,731,8,4,3,3
223,731,4,1,3,4
224,731,5,1,3,4
225,731,4,1,2,4
226,731,7,3,4,6
227,731,4,0,1,2
228,731,4,1,0,2
229,731,6,3,0,4
230,731,4,1,2,3
231,807,11,3,5,9
232,807,5,1,0,5
233,807,7,2,0,4
234,807,4,4,2,4
235,807,4,1,4,5
236,807,6,2,0,3
237,807,6,4,2,4
238,807,1,1,4,7
239,807,7,0,3,8
240,807,1,0,1,4
241,807,8,4,4,8
242,807,6,2,4,6
243,807,9,4,1,4
244,807,6,0,7,10
245,807,3,0,2,3
246,807,3,0,4,8
247,807,10,4,3,6
248,807,4,0,3,6
249,807,5,3,0,4
250,807,3,0,4,8
251,807,7,5,3,5
252,807,6,3,4,7
253,807,8,5,2,5
254,807,4,1,0,4
255,884,6,4,3,7
256,884,6,1,4,8
257,884,6,4,3,6
258,884,3,1,2,5
259,884,4,0,3,4
260,884,6,1,1,3
261,884,4,1,3,7
262,884,8,4,4,8
263,884,5,2,1,4
264,884,6,4,5,7
265,884,5,2,1,4
266,884,4,0,4,7
267,884,4,0,1,4
268,884,3,2,3,7
269,884,4,0,2,4
270,884,3,0,2,5
271,884,11,4,2,4
272,884,7,4,3,4
273,884,6,4,0,3
274,884,4,2,1,4
275,884,11,6,5,6
276,884,4,1,4,7
277,884,6,3,4,8
278,884,3,1,0,2
279,957,6,1,1,5
280,957,5,1,1,5
281,957,5,3,0,4
282,957,5,1,3,5
283,957,4,2,3,6
284,957,4,2,3,6
285,957,3,1,4,5
286,957,7,4,2,6
287,957,2,0,4,6
288,957,10,7,0,2
289,957,4,1,2,5
290,957,3,0,4,6
291,957,5,4,6,11
292,957,4,1,0,3
293,957,7,5,0,3
294,957,8,4,8,11
295,957,6,3,0,4
296,957,8,3,4,6
297,957,3,2,2,7
298,957,8,4,3,4
299,957,4,2,4,8
300,957,6,2,3,6
301,957,7,4,4,4
302,1033,9,4,0,0
303,1033,2,0,2,5
304,1033,4,1,2,5
305,1033,6,1,3,4
306,1033,4,0,4,5
307,1033,8,3,1,4
308,1033,6,3,2,4
309,1033,6,4,4,6
310,1033,7,3,3,4
311,1033,4,0,5,8
312,1033,4,0,3,6
313,1033,4,2,2,4
314,1033,3,0,3,6
315,1033,4,0,0,2
316,1033,7,4,1,3
317,1033,4,1,4,6
318,1033,2,0,6,9
319,1033,6,4,2,4
320,1033,5,2,1,4
321,1033,7,3,4,7
322,1033,6,3,0,2
323,1033,3,2,0,3
324,1033,3,0,5,8
325,1033,3,0,0,2
326,1112,4,2,3,7
327,1112,5,2,0,2
328,1112,7,3,4,7
329,1112,6,0,3,4
330,1112,6,4,1,5
331,1112,6,1,1,5
332,1112,5,2,2,5
333,1112,4,1,0,1
334,1112,7,4,0,4
335,1112,5,4,4,7
336,1112,6,3,3,6
337,1112,6,4,3,7
338,1112,6,5,1,4
339,1112,4,0,3,4
340,1112,7,4,2,4
341,1112,4,0,0,2
342,1112,5,4,1,4
343,1112,7,3,0,4
344,1112,10,8,4,6
345,1112,6,2,1,4
346,1112,4,1,4,7
347,1112,2,0,0,4
348,1112,5,4,1,4
349,1112,4,1,2,4
350,1112,3,0,3,7
351,1191,8,4,2,4
352,1191,6,3,2,4
353,1191,5,3,0,4
354,1191,6,4,2,5
355,1191,5,4,3,4
356,1191,7,0,1,6
357,1191,6,3,0,3
358,1191,5,0,0,4
359,1191,4,1,0,3
360,1191,4,1,3,6
361,1191,5,4,4,6
362,1191,5,1,4,8
363,1191,4,1,0,4
364,1191,6,2,1,4
365,1191,6,2,0,2
366,1191,1,0,5,7
367,1191,6,3,2,5
368,1191,4,0,0,3
369,1191,5,4,6,8
370,1191,3,0,7,11
371,1191,4,4,4,7
372,1191,2,0,3,7
373,1191,5,1,5,6
374,1191,5,1,0,6
375,1191,4,0,0,1
376,1271,3,0,0,4
377,1271,3,2,1,6
378,1271,5,1,2,3
379,1271,8,3,1,4
380,1271,4,3,4,4
381,1271,4,1,0,5
382,1271,5,1,1,6
383,1271,6,4,3,7
384,1271,4,1,0,4
385,1271,4,0,6,8
386,1271,3,0,4,7
387,1271,4,0,2,6
388,1271,3,0,4,6
389,1271,7,5,0,2
390,1271,3,2,2,4
391,1271,1,0,0,4
392,1271,4,1,0,2
393,1271,4,2,3,7
394,1271,4,1,3,4
395,1271,3,0,4,9
396,1271,6,4,2,3
397,1271,5,0,2,4
398,1271,6,4,4,8
399,1271,4,0,6,9
400,1271,7,5,1,4
401,1350,7,4,0,2
402,1350,6,3,1,6
403,1350,4,0,3,4
404,1350,5,4,2,5
405,1350,4,4,4,5
406,1350,6,2,1,7
407,1350,5,0,4,5
408,1350,6,4,4,8
409,1350,10,4,0,3
410,1350,7,5,0,4
411,1350,7,4,0,3
412,1350,3,0,4,9
413,1350,6,1,1,4
414,1350,3,0,0,3
415,1350,4,1,5,7
416,1350,4,3,2,7
417,1350,6,3,0,4
418,1350,6,2,0,4
419,1350,4,0,2,5
420,1350,6,2,0,1
421,1350,7,4,1,4
422,1350,4,0,0,4
423,1350,5,0,0,3
424,1350,5,3,2,4
425,1350,6,2,3,8
426,1426,5,4,6,10
427,1426,4,3,4,7
428,1426,6,3,1,6
429,1426,3,2,4,5
430,1426,6,2,3,4
431,1426,3,1,4,6
432,1426,4,1,2,3
433,1426,7,4,0,4
434,1426,7,2,4,5
435,1426,3,0,2,4
436,1426,6,2,4,8
437,1426,4,1,4,6
438,1426,5,4,1,6
439,1426,4,0,0,4
440,1426,4,1,1,4
441,1426,7,3,6,7
442,1426,4,0,1,3
443,1426,4,0,4,9
444,1426,2,0,5,8
445,1426,8,5,2,3
446,1426,8,5,2,4
447,1426,4,0,3,5
448,1426,4,0,0,3
449,1426,4,2,0,4
450,1509,5,2,4,5
451,1509,8,3,0,6
452,1509,4,1,0,3
453,1509,4,3,4,7
454,1509,4,1,2,7
455,1509,5,1,4,8
456,1509,4,0,3,5
457,1509,6,1,1,6
458,1509,4,0,5,7
459,1509,6,4,2,6
460,1509,5,1,0,3
461,1509,6,3,3,7
462,1509,4,0,2,5
463,1509,5,3,2,4
464,1509,6,3,0,4
465,1509,3,0,0,3
466,1509,3,0,2,4
467,1509,5,0,5,6
468,1509,4,0,3,8
469,1509,5,3,2,4
470,1509,1,0,2,4
471,1509,8,4,0,4
472,1509,8,5,2,5
473,1509,1,0,3,7
474,1509,6,4,2,6
475,1509,5,2,3,8
476,1591,6,1,0,3
477,1591,4,2,2,5
478,1591,5,1,3,4
479,1591,4,1,3,6
480,1591,6,2,1,3
481,1591,4,1,4,5
482,1591,5,3,2,4
483,1591,5,2,4,8
484,1591,9,4,0,3
485,1591,11,6,4,5
486,1591,4,0,4,7
487,1591,6,2,4,9
488,1591,4,0,5,8
489,1591,3,0,3,5
490,1591,3,0,3,5
491,1591,4,2,0,4
492,1591,6,2,3,7
493,1591,4,0,4,7
494,1591,5,4,4,7
495,1591,3,0,0,2
496,1591,5,1,4,9
497,1591,7,2,0,3
498,1591,7,3,0,3
499,1591,4,1,5,7
500,1591,0,0,2,4
501,1591,5,4,3,5
502,1670,4,0,3,9
503,1670,3,2,1,4
504,1670,5,1,1,6
505,1670,4,1,0,5
506,1670,6,4,2,5
507,1670,4,1,4,4
508,1670,6,2,4,5
509,1670,3,1,4,6
510,1670,6,3,2,4
511,1670,5,0,2,5
512,1670,6,4,2,5
513,1670,4,0,5,9
514,1670,6,4,0,1
515,1670,10,4,4,6
516,1670,5,3,2,4
517,1670,8,5,2,5
518,1670,5,2,3,7
519,1670,5,4,1,5
520,1670,4,0,1,4
521,1670,8,5,1,3
522,1670,9,3,2,7
523,1670,6,4,5,8
524,1670,7,4,4,6
525,1670,4,0,1,3
526,1670,8,5,0,5
527,1749,5,1,0,2
528,1749,7,2,1,5
529,1749,6,2,1,4
530,1749,7,3,3,5
531,1749,5,3,2,7
532,1749,5,2,4,6
533,1749,3,2,4,7
534,1749,4,0,0,3
535,1749,7,4,4,4
536,1749,9,4,3,5
537,1749,8,4,0,5
538,1749,4,1,6,8
539,1749,7,3,3,4
540,1749,4,3,0,1
541,1749,8,4,2,4
542,1749,5,0,2,4
543,1749,4,0,3,7
544,1749,6,4,1,3
545,1749,4,0,0,4
546,1749,5,2,2,7
547,1749,5,2,5,6
548,1749,4,0,0,3
549,1749,4,1,2,5
550,1749,5,3,0,4
551,1749,5,3,4,7
552,1829,4,1,1,1
553,1829,4,0,2,4
554,1829,6,3,3,7
555,1829,7,4,0,4
556,1829,6,3,2,7
557,1829,6,3,3,5
558,1829,5,1,2,6
559,1829,8,4,3,5
560,1829,11,7,0,4
561,1829,3,0,4,6
562,1829,7,4,1,2
563,1829,4,0,2,7
564,1829,4,2,1,3
565,1829,4,0,1,4
566,1829,8,4,3,3
567,1829,6,4,5,9
568,1829,4,0,4,8
569,1829,7,3,3,5
570,1829,7,1,0,4
571,1829,9,4,0,2
572,1829,9,7,0,1
573,1829,7,4,7,9
574,1829,6,2,4,4
575,1829,7,1,0,3
576,1829,5,0,3,7
577,1905,4,0,2,3
578,1905,4,2,3,4
579,1905,3,2,0,4
580,1905,7,2,4,6
581,1905,5,2,2,5
582,1905,5,3,3,7
583,1905,7,3,2,5
584,1905,6,3,4,7
585,1905,4,2,3,5
586,1905,0,0,6,5
587,1905,4,0,0,4
588,1905,3,0,0,4
589,1905,4,4,0,3
590,1905,6,4,1,4
591,1905,5,4,1,4
592,1905,11,4,3,7
593,1905,7,3,2,4
594,1905,3,0,6,10
595,1905,5,1,3,5
596,1905,4,1,3,5
597,1905,3,0,4,8
598,1905,3,0,1,4
599,1905,8,3,3,5
600,1905,5,0,4,6
601,1984,9,4,0,2
602,1984,6,4,3,5
603,1984,4,3,2,5
604,1984,7,4,2,4
605,1984,4,2,1,5
606,1984,5,2,0,5
607,1984,4,2,2,4
608,1984,5,3,2,8
609,1984,1,1,3,6
610,1984,7,4,1,2
611,1984,4,4,1,4
612,1984,2,0,3,7
613,1984,5,2,1,4
614,1984,10,6,1,2
615,1984,4,2,0,1
616,1984,6,2,1,5
617,1984,3,0,4,6
618,1984,3,0,2,4
619,1984,7,2,4,6
620,1984,3,0,2,5
621,1984,5,0,2,5
622,1984,6,2,6,8
623,1984,5,4,4,8
624,1984,3,0,3,5
625,1984,1,0,3,4
626,2061,5,2,3,4
627,2061,7,4,2,5
628,2061,6,2,2,4
629,2061,4,1,2,6
630,2061,4,1,3,5
631,2061,8,3,3,4
632,2061,7,2,4,4
633,2061,5,1,4,5
634,2061,2,0,4,6
635,2061,9,3,4,7
636,2061,4,4,0,4
637,2061,4,2,3,6
638,2061,5,2,0,4
639,2061,6,5,0,2
640,2061,3,0,4,6
641,2061,8,3,4,11
642,2061,4,0,1,6
643,2061,2,0,5,7
644,2061,3,0,2,4
645,2061,7,4,0,3
646,2061,10,7,0,3
647,2061,6,2,1,6
648,2061,7,4,2,5
649,2061,3,0,0,4
650,2137,6,4,8,9
651,2137,7,2,1,4
652,2137,4,2,3,5
653,2137,4,3,3,4
654,2137,9,3,4,5
655,2137,6,2,3,5
656,2137,5,1,1,5
657,2137,6,2,4,7
658,2137,7,5,0,3
659,2137,4,0,1,3
660,2137,3,0,2,7
661,2137,0,0,5,9
662,2137,3,0,2,6
663,2137,7,3,0,4
664,2137,4,2,4,6
665,2137,4,0,2,4
666,2137,7,4,0,0
667,2137,4,0,2,6
668,2137,3,2,4,3
669,2137,3,0,0,1
670,2137,4,1,0,4
671,2137,8,0,2,5
672,2137,7,3,3,7
673,2137,7,3,1,4
674,2216,4,1,4,9
675,2216,7,3,2,6
676,2216,6,2,2,7
677,2216,5,2,2,6
678,2216,5,2,2,6
679,2216,4,3,4,6
680,2216,6,0,2,5
681,2216,4,0,5,5
682,2216,3,0,0,4
683,2216,8,4,3,5
684,2216,4,0,0,2
685,2216,5,1,2,6
686,2216,6,3,3,4
687,2216,4,0,8,11
688,2216,3,0,5,7
689,2216,7,4,2,5
690,2216,6,4,6,8
691,2216,8,2,3,7
692,2216,2,0,0,1
693,2216,8,5,4,7
694,2216,6,3,2,6
695,2216,4,1,3,6
696,2216,6,1,3,6
697,2216,6,4,2,4
698,2216,6,2,1,3
699,2293,5,2,4,6
700,2293,4,3,1,4
701,2293,6,2,2,4
702,2293,6,3,4,4
703,2293,5,1,3,4
704,2293,5,0,4,5
705,2293,5,4,1,4
706,2293,5,0,3,7
707,2293,5,3,0,2
708,2293,4,1,4,6
709,2293,3,0,1,6
710,2293,5,3,3,5
711,2293,4,4,4,6
712,2293,5,1,0,1
713,2293,5,2,1,2
714,2293,10,6,7,11
715,2293,4,0,5,10
716,2293,7,4,1,2
717,2293,5,4,4,5
718,2293,6,3,3,4
719,2293,9,4,3,5
720,2293,5,2,5,9
721,2293,3,0,0,5
722,2293,2,0,1,4
723,2371,5,2,3,5
724,2371,5,1,2,3
725,2371,9,4,2,5
726,2371,5,2,3,5
727,2371,5,1,2,7
728,2371,7,3,2,5
729,2371,6,2,1,4
730,2371,5,0,3,6
731,2371,3,0,6,8
732,2371,7,2,0,3
733,2371,4,1,2,4
734,2371,4,1,1,4
735,2371,7,3,0,2
736,2371,8,2,3,4
737,2371,5,2,0,4
738,2371,9,3,2,4
739,2371,4,2,3,7
740,2371,6,4,4,5
741,2371,4,4,3,5
742,2371,2,0,3,5
743,2371,5,4,4,9
744,2371,8,4,0,3
745,2371,4,0,1,4
746,2371,5,4,0,3
747,2371,4,0,0,4
748,2448,6,4,2,7
749,2448,4,0,1,5
750,2448,6,3,2,4
751,2448,5,3,4,6
752,2448,5,1,0,4
753,2448,4,1,4,7
754,2448,7,3,4,5
755,2448,5,0,0,4
756,2448,8,3,4,6
757,2448,8,3,1,3
758,2448,7,4,1,5
759,2448,6,4,1,4
760,2448,2,0,1,4
761,2448,4,2,4,7
762,2448,4,3,3,4
763,2448,5,2,1,7
764,2448,5,3,1,4
765,2448,7,3,1,4
766,2448,7,5,1,4
767,2448,2,0,0,2
768,2448,9,6,4,6
769,2448,6,2,0,4
770,2448,6,4,2,6
771,2448,2,0,2,5
772,2527,4,0,3,5
773,2527,4,1,3,5
774,2527,6,3,4,6
775,2527,6,2,2,6
776,2527,5,2,1,4
777,2527,6,2,3,5
778,2527,7,2,2,4
779,2527,4,3,1,5
780,2527,8,6,1,4
781,2527,4,2,3,5
782,2527,5,1,7,11
783,2527,4,2,3,5
784,2527,5,1,3,5
785,2527,7,4,0,3
786,2527,7,5,3,7
787,2527,4,1,4,6
788,2527,4,0,3,4
789,2527,6,1,4,8
790,2527,4,0,0,4
791,2527,6,0,3,6
792,2527,2,0,4,7
793,2527,3,0,0,3
794,2527,5,4,1,2
795,2527,9,6,3,5
796,2527,6,3,2,2
797,2606,9,4,0,3
798,2606,5,4,3,5
799,2606,6,2,2,6
800,2606,6,1,2,7
801,2606,5,3,1,4
802,2606,4,0,3,7
803,2606,5,2,2,4
804,2606,4,0,0,0
805,2606,5,1,4,7
806,2606,6,3,0,4
807,2606,4,0,0,1
808,2606,6,4,2,5
809,2606,4,2,3,8
810,2606,6,2,0,4
811,2606,3,1,2,5
812,2606,4,1,2,6
813,2606,9,5,2,6
814,2606,5,1,3,7
815,2606,3,0,2,3
816,2606,7,4,3,5
817,2606,2,0,4,7
818,2606,4,4,3,6
819,2606,4,2,4,5
820,2606,6,2,0,3
821,2606,7,4,2,4
822,2682,2,0,0,3
823,2682,6,3,1,6
824,2682,7,2,3,7
825,2682,6,2,0,4
826,2682,6,2,2,6
827,2682,6,3,0,4
828,2682,5,0,2,6
829,2682,5,2,1,6
830,2682,1,0,5,7
831,2682,5,2,0,4
832,2682,1,0,6,8
833,2682,4,0,3,8
834,2682,5,0,2,4
835,2682,5,2,3,7
836,2682,4,0,0,4
837,2682,9,4,3,7
838,2682,4,0,1,4
839,2682,4,4,3,4
840,2682,6,3,0,4
841,2682,4,1,2,5
842,2682,5,2,4,5
843,2682,4,2,5,8
844,2682,7,3,2,4
845,2682,5,0,4,7
846,2765,3,1,4,8
847,2765,5,0,0,6
848,2765,5,3,1,4
849,2765,3,2,2,7
850,2765,5,2,2,7
851,2765,6,2,0,5
852,2765,7,4,4,6
853,2765,5,0,1,6
854,2765,5,3,0,4
855,2765,7,3,0,4
856,2765,7,2,0,4
857,2765,3,0,1,7
858,2765,7,4,5,11
859,2765,4,0,0,5
860,2765,4,1,4,14
861,2765,11,5,0,16
862,2765,17,9,2,25
863,2765,24,14,5,39
864,2765,34,18,4,52
865,2765,52,27,7,77
866,2765,69,40,9,101
867,2765,87,46,14,133
868,2765,121,67,23,168
869,2765,147,80,35,200
870,2765,179,102,51,235
871,2765,212,119,73,255
872,2847,245,142,94,255
873,2847,255,157,128,255
874,2847,255,179,156,255
875,2847,255,194,185,255
876,2847,255,212,213,255
877,2847,255,226,238,255
878,2847,255,235,255,255
879,2847,255,248,255,255
880,2847,255,255,255,255
881,2847,255,255,255,255
882,2847,255,255,255,255
883,2847,255,255,255,255
884,2847,255,255,255,255
885,2847,255,255,255,255
886,2847,255,255,255,255
887,2847,255,255,255,255
888,2847,255,255,255,255
889,2847,255,255,255,255
890,2847,255,255,255,255
891,2847,255,255,255,255
892,2847,255,255,255,255
893,2847,255,255,255,255
894,2847,255,255,255,255
895,2847,255,255,255,255
896,2847,255,255,255,255
897,2847,255,255,255,255
898,2930,255,255,255,255
899,2930,255,255,255,255
900,2930,255,255,255,255
901,2930,255,255,255,255
902,2930,255,255,255,255
903,2930,255,255,255,255
904,2930,255,255,255,255
905,2930,255,255,255,255
906,2930,255,255,255,255
907,2930,255,255,255,255
908,2930,255,255,255,255
909,2930,255,255,255,255
910,2930,255,255,255,255
911,2930,255,255,255,255
912,2930,255,255,255,255
913,2930,255,255,255,255
914,2930,255,255,255,255
915,2930,255,255,255,255
916,2930,255,255,255,255
917,2930,255,255,255,255
918,2930,255,255,255,255
919,2930,255,255,255,255
920,2930,255,255,255,255
921,2930,255,255,255,255
922,2930,255,255,255,255
923,2930,255,255,255,255
924,3018,255,248,255,255
925,3018,255,243,255,255
926,3018,255,234,255,237
927,3018,255,225,255,217
928,3018,255,213,255,195
929,3018,255,203,255,172
930,3018,237,192,255,156
931,3018,217,183,244,140
932,3018,199,170,229,124
933,3018,184,164,214,113
934,3018,170,157,204,103
935,3018,150,145,189,95
936,3018,141,140,176,87
937,3018,131,133,163,80
938,3018,119,128,152,75
939,3018,107,118,144,72
940,3018,96,109,132,68
941,3018,87,102,122,64
942,3018,81,101,107,58
943,3018,74,96,104,59
944,3018,70,92,94,54
945,3018,58,81,90,53
946,3018,56,80,84,52
947,3018,53,79,74,47
948,3018,42,67,73,48
949,3018,39,62,65,43
950,3018,37,61,60,40
951,3018,38,59,52,37
952,3104,34,55,58,39
953,3104,31,48,50,33
954,3104,29,46,46,31
955,3104,25,44,43,27
956,3104,24,41,42,27
957,3104,20,38,37,25
958,3104,21,34,34,23
959,3104,20,33,35,21
960,3104,18,32,32,23
961,3104,11,23,31,21
962,3104,11,25,33,20
963,3104,16,27,23,14
964,3104,14,25,26,17
965,3104,13,22,24,15
966,3104,13,22,25,15
967,3104,10,17,25,14
968,3104,11,16,23,17
969,3104,9,17,18,11
970,3104,12,17,14,6
971,3104,10,17,11,5
972,3104,11,16,18,12
973,3104,11,12,11,5
974,3104,9,13,14,9
975,3104,1,3,11,4
976,3104,10,11,11,6
977,3104,9,9,14,7
978,3104,6,6,10,9
979,3186,9,11,11,6
980,3186,9,10,8,4
981,3186,8,9,11,6
982,3186,7,6,8,4
983,3186,8,8,7,5
984,3186,7,7,6,5
985,3186,6,6,7,7
986,3186,6,4,6,5
987,3186,5,4,7,7
988,3186,1,0,6,4
989,3186,7,4,4,3
990,3186,10,3,1,3
991,3186,6,6,5,6
992,3186,3,0,4,7
993,3186,5,4,2,4
994,3186,9,7,7,6
995,3186,4,1,4,4
996,3186,6,4,0,4
997,3186,4,2,2,3
998,3186,7,6,2,6
999,3186,7,4,1,4
1000,3186,4,3,2,4
1001,3186,5,3,5,7
1002,3186,5,0,5,10
1003,3186,4,0,4,7
1004,3186,7,3,0,2
1005,3266,5,3,0,3
1006,3266,4,2,1,6
1007,3266,4,0,2,5
1008,3266,4,1,0,6
1009,3266,6,3,2,5
1010,3266,4,3,2,4
1011,3266,6,2,2,5
1012,3266,4,2,2,4
1013,3266,3,2,4,8
1014,3266,5,3,4,7
1015,3266,2,1,0,4
1016,3266,1,0,5,10
1017,3266,8,4,0,3
1018,3266,6,4,1,4
1019,3266,2,0,2,8
1020,3266,8,5,1,4
1021,3266,5,3,2,5
1022,3266,5,3,0,4
1023,3266,4,4,2,7
1024,3266,6,2,6,8
1025,3266,6,2,4,6
1026,3266,5,1,0,4
1027,3266,9,3,3,4
1028,3266,5,5,3,5
1029,3266,10,7,0,4
1030,3345,5,2,0,3
1031,3345,4,2,2,7
1032,3345,6,2,3,4
1033,3345,5,2,2,7
1034,3345,6,3,2,4
1035,3345,6,2,0,6
1036,3345,4,1,1,7
1037,3345,7,3,4,6
1038,3345,2,0,1,3
1039,3345,7,0,2,4
1040,3345,4,3,4,6
1041,3345,1,0,1,6
1042,3345,9,4,1,3
1043,3345,3,0,4,4
1044,3345,5,3,3,6
1045,3345,7,7,2,5
1046,3345,5,0,1,4
1047,3345,6,4,3,6
1048,3345,7,4,1,3
1049,3345,2,0,0,2
1050,3345,3,0,3,5
1051,3345,4,0,4,7
1052,3345,5,2,0,4
1053,3345,8,4,3,7
1054,3345,5,3,2,5
1055,3427,6,3,3,6
1056,3427,6,2,3,7
1057,3427,4,3,3,6
1058,3427,5,0,1,4
1059,3427,4,3,1,4
1060,3427,4,1,2,4
1061,3427,4,1,5,9
1062,3427,4,2,3,8
1063,3427,5,2,2,5
1064,3427,4,0,4,6
1065,3427,3,1,2,6
1066,3427,4,1,2,4
1067,3427,4,0,4,5
1068,3427,6,3,0,5
1069,3427,6,2,4,8
1070,3427,2,0,1,5
1071,3427,7,4,3,7
1072,3427,9,2,0,2
1073,3427,7,4,0,3
1074,3427,5,3,4,7
1075,3427,10,5,4,8
1076,3427,4,0,2,6
1077,3427,4,1,4,10
1078,3427,4,1,0,4
1079,3427,5,1,0,4
1080,3427,5,0,2,3
1081,3507,4,2,5,7
1082,3507,8,3,1,5
1083,3507,6,2,3,6
1084,3507,4,1,2,4
1085,3507,6,3,1,3
1086,3507,4,0,2,7
1087,3507,5,3,2,5
1088,3507,6,2,1,4
1089,3507,9,4,0,2
1090,3507,5,3,3,4
1091,3507,8,3,0,4
1092,3507,6,5,3,5
1093,3507,4,0,2,4
1094,3507,8,4,0,4
1095,3507,3,0,7,8
1096,3507,7,3,0,3
1097,3507,9,4,4,6
1098,3507,3,0,5,8
1099,3507,0,0,2,2
1100,3507,5,2,0,3
1101,3507,5,4,1,3
1102,3507,2,0,2,4
1103,3507,6,4,1,5
1104,3507,3,0,1,5
1105,3507,5,1,2,6
1106,3586,6,4,0,0
1107,3586,4,1,2,4
1108,3586,4,0,0,4
1109,3586,6,3,1,5
1110,3586,4,2,3,4
1111,3586,5,1,1,4
1112,3586,4,1,3,7
1113,3586,6,1,3,4
1114,3586,10,5,0,3
1115,3586,7,3,0,4
1116,3586,2,0,2,6
1117,3586,5,0,6,8
1118,3586,9,6,2,4
1119,3586,0,0,6,8
1120,3586,6,0,2,6
1121,3586,7,3,0,4
1122,3586,4,0,0,6
1123,3586,4,0,3,6
1124,3586,3,0,4,6
1125,3586,7,3,1,4
1126,3586,6,4,0,4
1127,3586,3,0,3,5
1128,3586,1,0,2,5
1129,3586,4,1,3,7
1130,3586,6,0,3,4
1131,3665,6,4,4,5
1132,3665,4,0,1,4
1133,3665,7,2,4,5
1134,3665,4,3,3,4
1135,3665,4,0,1,6
1136,3665,7,3,1,6
1137,3665,4,0,1,6
1138,3665,4,0,2,5
1139,3665,4,2,1,5
1140,3665,4,0,3,7
1141,3665,5,1,1,4
1142,3665,11,7,6,11
1143,3665,3,2,0,4
1144,3665,4,0,0,3
1145,3665,6,2,0,2
1146,3665,6,2,2,5
1147,3665,7,4,2,6
1148,3665,3,1,2,4
1149,3665,6,1,4,7
1150,3665,2,0,4,4
1151,3665,8,6,2,4
1152,3665,3,0,0,1
1153,3665,8,4,2,4
1154,3665,8,4,0,3
1155,3665,4,0,2,4
1156,3745,10,3,3,4
1157,3745,4,2,2,4
1158,3745,5,4,2,4
1159,3745,5,2,2,3
1160,3745,4,1,0,3
1161,3745,6,1,0,6
1162,3745,4,1,0,5
1163,3745,4,3,4,6
1164,3745,8,4,1,4
1165,3745,5,3,5,8
1166,3745,5,1,3,6
1167,3745,4,0,0,4
1168,3745,7,3,1,4
1169,3745,9,3,2,5
1170,3745,6,5,3,5
1171,3745,3,0,0,3
1172,3745,9,4,0,2
1173,3745,5,0,1,5
1174,3745,7,3,0,5
1175,3745,3,0,5,8
1176,3745,6,4,4,7
1177,3745,4,1,0,2
1178,3745,6,2,1,6
1179,3745,7,4,0,1
1180,3745,1,0,3,6
1181,3827,8,5,4,6
1182,3827,4,1,2,4
1183,3827,7,1,2,5
1184,3827,7,3,4,7
1185,3827,6,2,4,7
1186,3827,4,3,3,5
1187,3827,5,1,2,5
1188,3827,6,0,2,6
1189,3827,4,0,3,6
1190,3827,4,1,2,5
1191,3827,4,2,0,4
1192,3827,5,1,1,4
1193,3827,4,2,3,7
1194,3827,4,0,1,3
1195,3827,5,2,0,3
1196,3827,6,4,1,4
1197,3827,1,0,3,5
1198,3827,3,0,3,5
1199,3827,5,1,2,5
1200,3827,3,2,2,9
1201,3827,7,4,3,6
1202,3827,7,4,0,4
1203,3827,7,4,4,5
1204,3827,4,0,0,4
1205,3827,3,0,1,7
1206,3827,4,0,4,7
1207,3909,4,3,1,4
1208,3909,4,2,4,7
1209,3909,5,3,1,6
1210,3909,4,3,2,6
1211,3909,5,3,1,4
1212,3909,5,2,1,5
1213,3909,4,0,4,3
1214,3909,4,4,0,6
1215,3909,4,0,0,3
1216,3909,6,3,0,5
1217,3909,5,1,2,4
1218,3909,4,2,4,6
1219,3909,4,0,4,5
1220,3909,5,2,2,4
1221,3909,4,3,0,1
1222,3909,5,4,3,7
1223,3909,4,2,3,5
1224,3909,6,4,1,4
1225,3909,4,1,4,8
1226,3909,3,0,1,4
1227,3909,3,2,4,8
1228,3909,8,3,0,5
1229,3909,9,5,1,4
1230,3909,4,0,0,1
1231,3909,4,0,1,4
1232,3909,6,3,3,5
1233,3989,3,0,1,3
1234,3989,5,2,1,4
1235,3989,6,1,1,6
1236,3989,4,2,2,5
1237,3989,5,4,1,7
1238,3989,5,1,0,4
1239,3989,6,2,1,6
1240,3989,9,4,4,5
1241,3989,7,4,0,3
1242,3989,8,3,3,6
1243,3989,4,1,2,4
1244,3989,5,1,5,9
1245,3989,10,5,0,4
1246,3989,1,0,2,4
1247,3989,3,0,4,5
1248,3989,7,5,0,0
1249,3989,6,3,1,3
1250,3989,3,0,1,4
1251,3989,0,0,0,4
1252,3989,5,3,2,7
1253,3989,4,3,2,4
1254,3989,2,0,0,4
1255,3989,10,5,3,6
1256,3989,7,1,0,4
1257,3989,6,4,4,7
1258,4074,2,2,0,4
1259,4074,4,0,0,6
1260,4074,3,0,3,6
1261,4074,5,3,2,6
1262,4074,5,0,2,6
1263,4074,4,0,2,5
1264,4074,5,2,2,6
1265,4074,8,3,3,5
1266,4074,4,3,1,3
1267,4074,2,0,0,4
1268,4074,4,0,3,8
1269,4074,5,0,0,1
1270,4074,5,1,1,4
1271,4074,5,2,1,3
1272,4074,3,0,3,7
1273,4074,4,1,0,4
1274,4074,4,1,6,8
1275,4074,2,0,0,2
1276,4074,6,3,0,1
1277,4074,6,1,0,4
1278,4074,5,0,1,4
1279,4074,5,2,3,6
1280,4074,1,0,6,7
1281,4074,3,0,0,3
1282,4074,7,4,2,4
1283,4074,4,0,2,4
1284,4074,6,4,0,3
1285,4154,5,1,3,7
1286,4154,5,2,1,6
1287,4154,4,2,3,6
1288,4154,4,2,2,5
1289,4154,4,1,2,4
1290,4154,4,4,1,4
1291,4154,5,2,1,4
1292,4154,5,1,5,10
1293,4154,5,2,2,4
1294,4154,2,0,3,6
1295,4154,4,0,3,7
1296,4154,6,2,2,4
1297,4154,4,0,1,5
1298,4154,5,3,1,4
1299,4154,9,6,2,7
1300,4154,4,0,0,4
1301,4154,4,2,4,5
1302,4154,5,2,6,9
1303,4154,6,2,2,5
1304,4154,4,2,1,5
1305,4154,5,1,1,5
1306,4154,4,3,0,3
1307,4154,8,3,6,9
1308,4154,7,3,3,7
1309,4154,3,0,0,2
1310,4233,6,4,3,4
1311,4233,4,0,4,6
1312,4233,6,0,4,6
1313,4233,4,1,3,8
1314,4233,7,1,2,4
1315,4233,6,5,3,8
1316,4233,5,2,4,7
1317,4233,4,2,2,5
1318,4233,4,1,3,6
1319,4233,6,1,4,6
1320,4233,3,0,1,4
1321,4233,4,0,4,5
1322,4233,6,2,4,8
1323,4233,6,4,0,5
1324,4233,5,3,0,0
1325,4233,3,0,3,5
1326,4233,5,3,0,3
1327,4233,8,4,2,4
1328,4233,7,4,0,4
1329,4233,3,0,5,7
1330,4233,7,1,2,5
1331,4233,8,4,3,7
1332,4233,4,0,5,7
1333,4233,6,4,2,5
1334,4233,3,0,0,3
1335,4312,6,2,3,4
1336,4312,6,2,4,5
1337,4312,5,1,1,3
1338,4312,6,2,2,5
1339,4312,5,3,0,4
1340,4312,4,1,2,5
1341,4312,5,3,1,5
1342,4312,5,1,0,3
1343,4312,9,7,2,4
1344,4312,6,2,2,4
1345,4312,4,0,4,7
1346,4312,6,3,0,3
1347,4312,5,3,3,5
1348,4312,8,3,1,6
1349,4312,4,2,4,8
1350,4312,1,0,3,6
1351,4312,3,4,0,3
1352,4312,4,1,0,5
1353,4312,4,0,2,5
1354,4312,8,4,1,3
1355,4312,6,4,4,5
1356,4312,4,1,2,3
1357,4312,9,3,3,5
1358,4312,8,4,3,3
1359,4312,7,3,3,5
1360,4392,3,0,2,5
1361,4392,6,3,2,6
1362,4392,5,1,1,6
1363,4392,5,1,4,7
1364,4392,7,2,2,5
1365,4392,6,2,4,5
1366,4392,4,2,1,4
1367,4392,4,1,2,5
1368,4392,5,3,0,1
1369,4392,1,0,3,5
1370,4392,11,7,3,8
1371,4392,5,1,6,7
1372,4392,5,2,0,0
1373,4392,4,0,3,9
1374,4392,4,0,1,4
1375,4392,2,1,1,6
1376,4392,4,1,0,4
1377,4392,6,4,0,4
1378,4392,3,0,3,8
1379,4392,7,5,0,1
1380,4392,3,0,0,3
1381,4392,1,0,2,4
1382,4392,8,3,1,5
1383,4392,2,0,4,8
1384,4392,3,0,4,9
1385,4471,4,3,3,6
1386,4471,4,0,1,4
1387,4471,6,1,1,5
1388,4471,7,3,0,4
1389,4471,7,4,3,6
1390,4471,7,1,1,5
1391,4471,6,1,2,5
1392,4471,5,2,2,5
1393,4471,6,1,2,4
1394,4471,7,2,6,8
1395,4471,8,4,2,4
1396,4471,7,4,0,3
1397,4471,8,3,3,5
1398,4471,6,3,3,6
1399,4471,7,3,0,2
1400,4471,4,2,0,4
1401,4471,4,0,2,5
1402,4471,5,1,4,6
1403,4471,4,0,2,4
1404,4471,4,1,0,2
1405,4471,4,2,4,7
1406,4471,4,0,2,5
1407,4471,7,1,1,4
1408,4471,4,0,2,4
1409,4471,4,0,1,4
1410,4551,3,0,4,9
1411,4551,4,1,2,4
1412,4551,6,1,3,4
1413,4551,5,1,0,4
1414,4551,6,3,3,6
1415,4551,3,2,0,4
1416,4551,6,2,1,3
1417,4551,6,2,0,3
1418,4551,1,0,4,5
1419,4551,3,0,4,4
1420,4551,5,3,0,1
1421,4551,7,4,1,8
1422,4551,4,2,2,4
1423,4551,7,2,0,3
1424,4551,7,4,4,7
1425,4551,4,1,2,3
1426,4551,4,0,1,4
1427,4551,4,0,1,4
1428,4551,6,3,3,6
1429,4551,4,1,1,2
1430,4551,1,0,4,6
1431,4551,5,2,3,5
1432,4551,3,0,3,4
1433,4551,6,4,3,6
1434,4551,8,4,3,9
1435,4630,6,1,4,7
1436,4630,6,0,2,4
1437,4630,6,3,4,5
1438,4630,4,1,3,5
1439,4630,6,3,0,4
1440,4630,6,2,2,6
1441,4630,4,0,1,4
1442,4630,6,1,4,8
1443,4630,10,5,4,8
1444,4630,4,2,3,6
1445,4630,3,0,1,6
1446,4630,2,0,6,6
1447,4630,4,2,4,8
1448,4630,2,0,0,4
1449,4630,6,3,2,8
1450,4630,5,1,1,3
1451,4630,10,5,4,6
1452,4630,8,3,5,6
1453,4630,7,5,2,7
1454,4630,10,3,0,4
1455,4630,5,0,0,2
1456,4630,6,3,0,4
1457,4630,5,0,3,5
1458,4630,6,3,3,5
1459,4630,7,3,0,5
1460,4709,6,3,2,4
1461,4709,4,1,0,5
1462,4709,5,3,2,4
1463,4709,5,3,0,4
1464,4709,5,0,3,6
1465,4709,6,2,2,6
1466,4709,4,1,1,4
1467,4709,6,4,6,7
1468,4709,5,3,0,4
1469,4709,6,2,6,5
1470,4709,5,2,3,7
1471,4709,5,2,4,8
1472,4709,5,0,1,5
1473,4709,8,2,6,3
1474,4709,5,4,3,5
1475,4709,6,3,0,3
1476,4709,5,3,3,6
1477,4709,3,0,0,4
1478,4709,5,2,0,4
1479,4709,7,4,2,4
1480,4709,4,0,2,5
1481,4709,6,3,0,4
1482,4709,6,2,4,5
1483,4709,6,2,1,4
1484,4709,7,3,4,7
1485,4788,3,1,1,3
1486,4788,5,0,3,6
1487,4788,6,2,2,4
1488,4788,4,1,0,4
1489,4788,4,0,2,5
1490,4788,6,2,3,3
1491,4788,5,2,2,4
1492,4788,7,4,1,4
1493,4788,7,4,2,4
1494,4788,6,3,2,5
1495,4788,7,3,5,5
1496,4788,4,0,3,7
1497,4788,8,6,1,4
1498,4788,6,4,3,6
1499,4788,5,1,0,5
1500,4788,5,0,2,4
1501,4788,4,0,0,1
1502,4788,4,0,3,4
1503,4788,7,4,3,7
1504,4788,4,0,3,6
1505,4788,4,0,4,9
1506,4788,4,2,0,4
1507,4788,5,1,0,4
1508,4788,6,4,1,4
1509,4788,7,4,4,6
1510,4867,6,3,1,4
1511,4867,4,2,3,5
1512,4867,7,3,2,4
1513,4867,6,0,4,5
1514,4867,5,0,2,7
1515,4867,6,1,1,5
1516,4867,5,2,2,5
1517,4867,9,4,5,10
1518,4867,6,1,4,8
1519,4867,4,0,1,4
1520,4867,8,4,4,8
1521,4867,5,3,0,3
1522,4867,4,0,3,6
1523,4867,1,0,3,5
1524,4867,6,2,4,7
1525,4867,8,4,0,2
1526,4867,4,1,4,7
1527,4867,6,4,0,2
1528,4867,6,1,3,5
1529,4867,4,3,0,3
1530,4867,9,7,2,3
1531,4867,8,0,4,6
1532,4867,3,0,1,4
1533,4867,6,3,0,4
1534,4867,9,4,5,7
1535,4944,4,0,2,6
1536,4944,7,2,4,7
1537,4944,5,0,4,6
1538,4944,5,3,0,4
1539,4944,4,2,3,5
1540,4944,3,0,2,3
1541,4944,6,4,1,4
1542,4944,7,3,3,5
1543,4944,2,0,2,5
1544,4944,7,5,0,2
1545,4944,4,0,1,4
1546,4944,4,1,0,3
1547,4944,7,4,4,5
1548,4944,7,1,3,6
1549,4944,4,3,3,6
1550,4944,6,3,3,4
1551,4944,5,1,2,6
1552,4944,9,5,1,4
1553,4944,4,0,0,2
1554,4944,4,0,0,4
1555,4944,10,7,4,7
1556,4944,3,2,0,3
1557,4944,4,2,0,4
1558,4944,6,0,1,5
1559,5033,8,3,0,4
1560,5033,6,4,3,5
1561,5033,6,0,4,6
1562,5033,7,4,2,6
1563,5033,4,0,2,6
1564,5033,3,0,1,4
1565,5033,4,4,4,5
1566,5033,4,1,2,4
1567,5033,2,0,4,5
1568,5033,0,0,0,1
1569,5033,2,0,4,6
1570,5033,3,0,4,5
1571,5033,6,2,0,6
1572,5033,4,0,2,6
1573,5033,5,1,1,3
1574,5033,7,4,0,4
1575,5033,9,5,1,5
1576,5033,4,4,3,4
1577,5033,4,0,3,5
1578,5033,2,0,3,6
1579,5033,6,2,0,3
1580,5033,5,0,2,6
1581,5033,4,2,2,6
1582,5033,7,2,3,7
1583,5033,7,3,1,5
1584,5033,3,0,1,7
1585,5033,7,4,2,3
1586,5033,2,0,0,4
1587,5115,4,0,0,1
1588,5115,4,1,3,6
1589,5115,7,3,1,6
1590,5115,6,3,2,6
1591,5115,4,2,0,4
1592,5115,6,3,0,4
1593,5115,4,2,3,6
1594,5115,6,1,3,4
1595,5115,4,1,1,4
1596,5115,8,3,4,8
1597,5115,4,1,2,4
1598,5115,6,2,7,10
1599,5115,6,0,3,4
1600,5115,8,4,2,6
1601,5115,8,4,0,4
1602,5115,6,4,0,2
1603,5115,2,0,3,4
1604,5115,3,0,0,5
1605,5115,3,1,4,6
1606,5115,7,3,0,2
1607,5115,3,1,4,9
1608,5115,9,4,4,6
1609,5115,4,0,0,5
1610,5115,9,5,4,8
1611,5115,6,3,0,5
1612,5115,10,6,1,6
1613,5194,6,3,2,4
1614,5194,5,3,1,4
1615,5194,4,1,2,4
1616,5194,5,2,1,4
1617,5194,6,3,4,6
1618,5194,6,3,2,4
1619,5194,5,1,4,6
1620,5194,5,1,0,4
1621,5194,4,1,2,7
1622,5194,4,3,5,5
1623,5194,8,5,3,3
1624,5194,6,4,1,4
1625,5194,3,0,6,7
1626,5194,7,2,2,5
1627,5194,4,3,4,10
1628,5194,4,3,5,8
1629,5194,6,5,1,4
1630,5194,6,3,1,5
1631,5194,5,2,2,5
1632,5194,2,0,1,5
1633,5194,3,1,3,6
1634,5194,4,1,2,3
1635,5194,8,3,0,0
1636,5194,8,3,2,7
1637,5194,3,0,0,4
1638,5274,8,2,0,1
1639,5274,4,2,2,5
1640,5274,7,2,3,5
1641,5274,4,0,3,4
1642,5274,5,2,1,3
1643,5274,3,2,1,4
1644,5274,5,2,0,1
1645,5274,4,0,4,8
1646,5274,4,2,3,4
1647,5274,4,2,2,5
1648,5274,4,0,1,5
1649,5274,6,3,4,8
1650,5274,7,4,1,3
1651,5274,7,5,4,6
1652,5274,8,4,0,1
1653,5274,4,3,2,6
1654,5274,4,0,0,4
1655,5274,4,3,0,2
1656,5274,6,3,7,8
1657,5274,6,4,1,4
1658,5274,10,5,2,6
1659,5274,0,0,3,7
1660,5274,8,5,2,5
1661,5274,4,0,3,3
1662,5274,7,3,3,6
1663,5353,7,2,4,7
1664,5353,6,4,1,4
1665,5353,6,4,0,6
1666,5353,4,2,2,3
1667,5353,5,2,3,6
1668,5353,5,0,1,6
1669,5353,5,4,4,7
1670,5353,9,3,2,6
1671,5353,4,0,3,9
1672,5353,9,6,1,9
1673,5353,9,3,0,14
1674,5353,10,3,0,17
1675,5353,17,8,3,28
1676,5353,21,11,1,32
1677,5353,31,17,4,49
1678,5353,37,18,5,65
1679,5353,57,28,11,88
1680,5353,72,36,10,107
1681,5353,93,46,13,134
1682,5353,120,65,18,159
1683,5353,143,78,34,192
1684,5353,168,89,44,222
1685,5353,202,111,61,254
1686,5353,226,123,80,255
1687,5353,255,144,102,255
1688,5432,255,163,131,255
1689,5432,255,181,157,255
1690,5432,255,200,187,255
1691,5432,255,215,213,255
1692,5432,255,235,240,255
1693,5432,255,250,255,255
1694,5432,255,255,255,255
1695,5432,255,255,255,255
1696,5432,255,255,255,255
1697,5432,255,255,255,255
1698,5432,255,255,255,255
1699,5432,255,255,255,255
1700,5432,255,255,255,255
1701,5432,255,255,255,255
1702,5432,255,255,255,255
1703,5432,255,255,255,255
1704,5432,255,255,255,255
1705,5432,255,255,255,255
1706,5432,255,255,255,255
1707,5432,255,255,255,255
1708,5432,255,255,255,255
1709,5432,255,255,255,255
1710,5432,255,255,255,255
1711,5432,255,255,255,255
1712,5432,255,255,255,255
1713,5512,255,255,255,255
1714,5512,255,255,255,255
1715,5512,255,255,255,255
1716,5512,255,255,255,255
1717,5512,255,255,255,255
1718,5512,255,255,255,255
1719,5512,255,255,255,255
1720,5512,255,255,255,255
1721,5512,255,255,255,255
1722,5512,255,255,255,255
1723,5512,255,255,255,255
1724,5512,255,255,255,255
1725,5512,255,255,255,255
1726,5512,255,255,255,255
1727,5512,255,255,255,255
1728,5512,255,255,255,255
1729,5512,255,255,255,255
1730,5512,255,255,255,255
1731,5512,255,255,255,255
1732,5512,255,255,255,255
1733,5512,255,255,255,255
1734,5512,255,255,255,255
1735,5512,255,255,255,255
1736,5512,255,255,255,255
1737,5512,255,255,255,255
1738,5593,255,255,255,255
1739,5593,255,255,255,255
1740,5593,255,255,255,255
1741,5593,255,255,255,255
1742,5593,255,255,255,255
1743,5593,255,255,255,255
1744,5593,255,254,255,255
1745,5593,255,251,255,255
1746,5593,255,247,255,255
1747,5593,255,239,255,255
1748,5593,255,231,255,249
1749,5593,255,226,255,233
1750,5593,255,213,255,212
1751,5593,255,208,255,196
1752,5593,255,202,255,180
1753,5593,246,191,255,165
1754,5593,231,182,254,151
1755,5593,214,173,243,138
1756,5593,198,163,231,125
1757,5593,181,154,214,109
1758,5593,174,149,208,102
1759,5593,160,142,193,89
1760,5593,147,133,186,82
1761,5593,136,124,175,74
1762,5593,126,120,163,66
1763,5593,117,113,151,59
1764,5673,102,102,145,56
1765,5673,94,98,131,49
1766,5673,86,92,123,42
1767,5673,79,86,114,39
1768,5673,71,79,107,34
1769,5673,61,73,99,32
1770,5673,56,69,91,28
1771,5673,50,62,80,25
1772,5673,42,54,77,25
1773,5673,38,51,69,21
1774,5673,33,46,58,15
1775,5673,29,40,56,15
1776,5673,28,40,49,14
1777,5673,28,41,45,16
1778,5673,18,32,38,11
1779,5673,18,30,35,12
1780,5673,13,23,30,9
1781,5673,17,28,30,11
1782,5673,17,25,24,8
1783,5673,11,19,25,11
1784,5673,12,18,24,14
1785,5673,14,20,16,8
1786,5673,8,13,15,9
1787,5673,8,15,16,12
1788,5673,9,13,12,11
1789,5752,6,11,12,11
1790,5752,9,14,11,11
1791,5752,8,13,8,14
1792,5752,4,13,10,13
1793,5752,5,11,8,13
1794,5752,8,12,8,11
1795,5752,11,13,7,13
1796,5752,8,13,7,12
1797,5752,7,10,10,17
1798,5752,8,11,7,14
1799,5752,6,10,5,13
1800,5752,4,9,5,15
1801,5752,9,14,4,11
1802,5752,11,13,10,16
1803,5752,10,13,8,14
1804,5752,11,16,9,16
1805,5752,8,10,11,14
1806,5752,10,12,6,11
1807,5752,7,9,8,13
1808,5752,9,14,7,12
1809,5752,14,16,6,11
1810,5752,16,19,9,11
1811,5752,6,10,7,12
1812,5752,5,10,8,11
1813,5752,5,7,11,12
1814,5832,4,9,11,12
1815,5832,6,5,11,10
1816,5832,10,11,9,8
1817,5832,6,8,8,8
1818,5832,8,8,8,8
1819,5832,8,7,6,9
1820,5832,7,8,3,9
1821,5832,7,7,8,9
1822,5832,11,11,3,10
1823,5832,6,5,5,8
1824,5832,5,4,9,7
1825,5832,4,2,6,5
1826,5832,7,7,3,3
1827,5832,3,0,4,6
1828,5832,4,2,4,6
1829,5832,5,4,7,7
1830,5832,6,3,3,7
1831,5832,8,9,0,0
1832,5832,7,4,0,3
1833,5832,7,4,6,8
1834,5832,5,4,1,2
1835,5832,6,3,3,4
1836,5832,5,3,1,6
1837,5832,8,4,3,3
1838,5832,4,2,3,4
1839,5914,6,3,2,8
1840,5914,6,3,2,3
1841,5914,7,2,2,4
1842,5914,5,4,3,4
1843,5914,6,0,3,5
1844,5914,5,1,4,7
1845,5914,4,2,1,4
1846,5914,5,3,4,7
1847,5914,4,1,4,4
1848,5914,5,3,0,0
1849,5914,4,1,2,7
1850,5914,9,1,3,4
1851,5914,5,1,7,7
1852,5914,6,4,4,6
1853,5914,6,3,1,4
1854,5914,4,0,4,5
1855,5914,6,4,4,5
1856,5914,2,0,2,5
1857,5914,4,0,3,7
1858,5914,4,2,1,4
1859,5914,3,0,3,6
1860,5914,6,3,1,7
1861,5914,9,5,0,1
1862,5914,4,2,3,8
1863,5914,1,0,0,2
1864,5914,4,2,4,7
1865,5993,1,0,0,1
1866,5993,5,3,1,4
1867,5993,5,0,0,4
1868,5993,6,4,2,6
1869,5993,6,4,2,4
1870,5993,5,1,4,6
1871,5993,5,2,1,4
1872,5993,4,1,5,7
1873,5993,9,7,3,5
1874,5993,5,3,2,5
1875,5993,6,5,1,5
1876,5993,3,0,4,5
1877,5993,7,4,0,2
1878,5993,6,3,4,9
1879,5993,6,3,4,5
1880,5993,4,1,2,6
1881,5993,4,0,4,6
1882,5993,4,2,1,5
1883,5993,5,2,1,5
1884,5993,4,0,0,2
1885,5993,2,0,3,4
1886,5993,1,0,2,3
1887,5993,8,4,3,5
1888,5993,4,1,0,5
1889,5993,5,2,1,5
1890,6072,4,1,6,10
1891,6072,4,2,2,4
1892,6072,7,3,1,4
1893,6072,4,1,2,6
1894,6072,5,2,3,5
1895,6072,4,3,4,7
1896,6072,3,0,3,6
1897,6072,5,1,1,3
1898,6072,6,4,2,5
1899,6072,9,5,0,3
1900,6072,9,4,4,8
1901,6072,0,0,2,4
1902,6072,4,1,4,7
1903,6072,4,0,0,4
1904,6072,4,1,3,5
1905,6072,4,2,0,1
1906,6072,7,2,0,2
1907,6072,4,1,1,4
1908,6072,4,2,1,4
1909,6072,5,0,1,4
1910,6072,5,2,4,7
1911,6072,4,0,2,4
1912,6072,6,2,1,6
1913,6072,4,0,3,5
1914,6072,4,2,3,6
1915,6149,7,3,0,3
1916,6149,6,1,2,5
1917,6149,7,4,3,5
1918,6149,6,1,0,4
1919,6149,5,2,2,4
1920,6149,5,1,3,6
1921,6149,7,3,1,4
1922,6149,6,3,1,4
1923,6149,4,0,4,7
1924,6149,5,3,2,4
1925,6149,2,0,0,4
1926,6149,8,3,1,4
1927,6149,2,0,2,6
1928,6149,6,2,1,3
1929,6149,4,3,4,7
1930,6149,8,5,1,3
1931,6149,4,0,3,5
1932,6149,6,4,0,4
1933,6149,9,4,1,5
1934,6149,5,1,4,5
1935,6149,4,0,4,6
1936,6149,6,1,4,8
1937,6149,6,3,2,3
1938,6149,9,5,5,8
1939,6228,6,2,0,3
1940,6228,4,0,1,6
1941,6228,7,1,1,4
1942,6228,7,2,3,7
1943,6228,5,1,2,4
1944,6228,6,2,2,6
1945,6228,5,1,3,6
1946,6228,6,2,4,6
1947,6228,2,0,4,7
1948,6228,7,1,4,8
1949,6228,3,0,0,4
1950,6228,6,2,3,7
1951,6228,9,6,2,4
1952,6228,9,4,5,10
1953,6228,5,1,0,4
1954,6228,4,0,3,5
1955,6228,4,1,0,0
1956,6228,7,4,3,5
1957,6228,7,4,1,4
1958,6228,8,3,0,5
1959,6228,9,6,0,3
1960,6228,5,2,3,5
1961,6228,8,4,0,2
1962,6228,5,1,0,5
1963,6228,4,2,2,6
1964,6307,4,2,0,4
1965,6307,6,4,3,4
1966,6307,7,3,1,4
1967,6307,6,4,2,4
1968,6307,4,3,1,3
1969,6307,4,3,3,5
1970,6307,7,1,3,4
1971,6307,7,2,4,7
1972,6307,4,1,0,4
1973,6307,2,0,4,8
1974,6307,6,3,4,6
1975,6307,4,1,4,9
1976,6307,8,3,1,4
1977,6307,4,1,1,4
1978,6307,6,3,1,3
1979,6307,9,4,4,8
1980,6307,4,0,2,7
1981,6307,4,2,4,7
1982,6307,5,1,1,4
1983,6307,8,5,3,5
1984,6307,8,2,1,4
1985,6307,4,1,0,3
1986,6307,6,3,0,3
1987,6307,4,0,3,5
1988,6307,5,1,1,3
1989,6384,5,2,0,3
1990,6384,5,3,2,5
1991,6384,4,2,3,6
1992,6384,3,0,0,4
1993,6384,7,2,3,5
1994,6384,4,0,2,3
1995,6384,6,3,4,5
1996,6384,5,2,0,0
1997,6384,4,1,2,7
1998,6384,5,4,3,4
1999,6384,9,5,6,7
2000,6384,6,1,5,9
2001,6384,4,0,2,4
2002,6384,7,3,0,4
2003,6384,5,1,3,8
2004,6384,4,0,0,4
2005,6384,8,6,0,3
2006,6384,4,0,4,7
2007,6384,4,0,0,3
2008,6384,7,4,2,7
2009,6384,7,4,1,5
2010,6384,7,3,6,8
2011,6384,6,2,3,5
2012,6384,3,0,4,6
2013,6462,7,3,0,0
2014,6462,6,3,3,4
2015,6462,5,1,3,5
2016,6462,6,3,1,5
2017,6462,3,2,3,4
2018,6462,4,0,1,4
2019,6462,5,2,2,4
2020,6462,4,2,0,2
2021,6462,4,1,0,4
2022,6462,6,2,5,8
2023,6462,7,3,0,3
2024,6462,8,4,2,5
2025,6462,5,3,2,8
2026,6462,3,0,0,4
2027,6462,5,0,4,8
2028,6462,3,0,3,6
2029,6462,7,3,2,3
2030,6462,4,0,3,6
2031,6462,6,4,3,5
2032,6462,4,0,2,4
2033,6462,4,0,0,1
2034,6462,4,1,3,7
2035,6462,3,0,4,8
2036,6462,4,1,2,5
2037,6462,5,0,4,8
2038,6545,6,3,3,6
2039,6545,4,3,1,4
2040,6545,3,1,3,6
2041,6545,4,2,0,5
2042,6545,8,5,1,6
2043,6545,4,0,1,4
2044,6545,4,2,3,4
2045,6545,4,0,1,5
2046,6545,4,0,3,4
2047,6545,3,0,2,5
2048,6545,8,5,3,6
2049,6545,9,5,2,3
2050,6545,3,0,2,6
2051,6545,5,4,0,4
2052,6545,5,3,0,1
2053,6545,4,3,3,7
2054,6545,4,0,0,2
2055,6545,5,2,6,8
2056,6545,4,1,2,3
2057,6545,2,0,3,4
2058,6545,5,3,0,5
2059,6545,4,0,0,4
2060,6545,2,0,1,4
2061,6545,6,0,3,6
2062,6545,6,3,0,2
2063,6545,7,4,4,7
2064,6627,9,4,0,3
2065,6627,7,5,1,4
2066,6627,5,3,4,8
2067,6627,6,3,1,4
2068,6627,4,2,2,4
2069,6627,6,1,2,6
2070,6627,5,2,3,4
2071,6627,6,0,5,8
2072,6627,5,4,2,4
2073,6627,8,3,0,0
2074,6627,4,0,1,4
2075,6627,6,3,0,4
2076,6627,5,2,4,5
2077,6627,0,0,2,5
2078,6627,7,2,3,5
2079,6627,5,0,0,4
2080,6627,2,0,0,6
2081,6627,3,0,4,7
2082,6627,7,3,1,3
2083,6627,6,4,2,4
2084,6627,4,2,5,7
2085,6627,6,3,1,4
2086,6627,8,3,3,6
2087,6627,2,0,4,9
2088,6627,4,1,3,6
2089,6627,9,5,2,4
2090,6707,5,3,4,6
2091,6707,5,2,3,4
2092,6707,6,4,2,6
2093,6707,7,4,1,4
2094,6707,6,3,3,5
2095,6707,4,0,2,5
2096,6707,6,4,1,4
2097,6707,5,1,3,6
2098,6707,4,2,1,3
2099,6707,4,0,0,3
2100,6707,4,0,1,5
2101,6707,3,0,0,2
2102,6707,3,1,4,6
2103,6707,8,5,0,5
2104,6707,8,4,0,4
2105,6707,5,3,6,8
2106,6707,6,1,0,0
2107,6707,7,4,2,6
2108,6707,3,0,1,5
2109,6707,4,2,4,9
2110,6707,4,0,5,9
2111,6707,3,0,0,2
2112,6707,8,2,2,5
2113,6707,6,1,0,4
2114,6707,4,0,4,8
2115,6783,6,4,4,8
2116,6783,3,4,0,6
2117,6783,5,2,0,3
2118,6783,5,1,3,8
2119,6783,6,4,3,6
2120,6783,7,2,1,4
2121,6783,5,1,3,4
2122,6783,5,4,4,9
2123,6783,4,0,0,2
2124,6783,4,0,0,5
2125,6783,10,9,2,5
2126,6783,7,3,0,4
2127,6783,4,2,1,5
2128,6783,7,5,4,5
2129,6783,6,3,5,8
2130,6783,5,0,0,2
2131,6783,5,3,1,3
2132,6783,7,6,0,3
2133,6783,11,5,4,7
2134,6783,3,4,1,3
2135,6783,3,2,4,7
2136,6783,5,3,0,3
2137,6783,6,2,2,4
2138,6783,7,3,6,6
2139,6875,4,2,0,4
2140,6875,4,0,3,4
2141,6875,7,1,1,4
2142,6875,4,1,4,5
2143,6875,4,1,3,6
2144,6875,4,3,1,4
2145,6875,4,1,2,4
2146,6875,4,1,2,4
2147,6875,5,1,3,7
2148,6875,7,4,5,6
2149,6875,8,3,4,6
2150,6875,6,1,3,5
2151,6875,4,0,0,5
2152,6875,5,0,0,4
2153,6875,3,0,0,4
2154,6875,4,1,0,5
2155,6875,6,2,3,7
2156,6875,8,3,2,4
2157,6875,7,2,1,3
2158,6875,2,0,0,3
2159,6875,5,4,3,7
2160,6875,10,7,0,3
2161,6875,8,6,1,3
2162,6875,4,1,0,3
2163,6875,4,0,0,3
2164,6875,6,3,1,5
2165,6875,5,1,2,5
2166,6875,0,0,3,4
2167,6875,4,0,1,5
2168,6960,6,3,0,0
2169,6960,4,2,2,6
2170,6960,4,1,0,3
2171,6960,4,2,0,3
2172,6960,5,3,1,5
2173,6960,4,2,1,6
2174,6960,4,4,3,4
2175,6960,5,3,3,4
2176,6960,4,2,4,4
2177,6960,7,4,5,7
2178,6960,0,0,1,4
2179,6960,6,2,0,2
2180,6960,4,2,0,3
2181,6960,5,2,0,4
2182,6960,2,0,0,3
2183,6960,3,0,4,5
2184,6960,8,5,0,1
2185,6960,5,4,6,8
2186,6960,4,0,0,1
2187,6960,4,2,4,7
2188,6960,4,2,2,5
2189,6960,8,4,3,7
2190,6960,3,0,0,3
2191,6960,6,3,3,5
2192,6960,3,0,2,4
2193,6960,3,0,0,6
2194,6960,5,0,3,6
2195,7043,6,2,1,4
2196,7043,4,0,1,5
2197,7043,4,2,3,8
2198,7043,4,2,0,2
2199,7043,5,3,2,4
2200,7043,7,3,1,4
2201,7043,5,1,2,6
2202,7043,4,1,3,7
2203,7043,6,0,5,8
2204,7043,4,0,3,7
2205,7043,4,3,4,6
2206,7043,4,1,0,2
2207,7043,6,4,4,8
2208,7043,9,6,2,7
2209,7043,5,2,2,5
2210,7043,6,1,3,5
2211,7043,4,0,0,3
2212,7043,11,7,0,4
2213,7043,1,0,3,7
2214,7043,4,0,4,4
2215,7043,4,2,1,4
2216,7043,3,0,4,9
2217,7043,6,3,3,5
2218,7043,6,1,2,4
2219,7043,9,9,1,6
2220,7043,7,1,3,4
2221,7122,4,0,3,7
2222,7122,5,1,4,6
2223,7122,5,1,2,6
2224,7122,4,3,2,5
2225,7122,6,3,4,5
2226,7122,4,0,2,5
2227,7122,7,2,0,1
2228,7122,6,0,3,5
2229,7122,4,0,0,2
2230,7122,5,3,1,5
2231,7122,4,2,1,4
2232,7122,4,1,1,4
2233,7122,5,1,0,3
2234,7122,4,3,4,8
2235,7122,8,3,5,7
2236,7122,4,0,2,4
2237,7122,4,1,0,4
2238,7122,5,3,0,0
2239,7122,4,2,0,4
2240,7122,6,4,0,2
2241,7122,5,3,3,7
2242,7122,4,2,0,4
2243,7122,7,4,2,7
2244,7122,5,2,2,6
2245,7122,6,3,3,5
2246,7199,4,0,3,4
2247,7199,6,3,2,3
2248,7199,4,3,0,4
2249,7199,3,0,3,4
2250,7199,4,0,0,5
2251,7199,4,0,4,7
2252,7199,6,3,1,4
2253,7199,9,3,6,7
2254,7199,5,1,0,4
2255,7199,9,6,0,1
2256,7199,4,1,1,4
2257,7199,6,5,3,8
2258,7199,8,3,1,3
2259,7199,4,0,0,4
2260,7199,4,0,4,8
2261,7199,4,0,0,3
2262,7199,7,4,3,6
2263,7199,9,4,1,6
2264,7199,8,4,3,6
2265,7199,1,0,3,5
2266,7199,3,0,0,1
2267,7199,4,2,1,4
2268,7199,8,4,3,3
2269,7199,7,3,2,4
2270,7278,6,1,0,0
2271,7278,4,1,2,4
2272,7278,5,2,3,7
2273,7278,4,0,2,6
2274,7278,3,1,0,5
2275,7278,7,2,4,5
2276,7278,5,3,1,4
2277,7278,6,4,5,7
2278,7278,4,0,2,4
2279,7278,6,4,2,4
2280,7278,5,3,0,5
2281,7278,9,4,1,5
2282,7278,6,2,4,6
2283,7278,6,3,2,5
2284,7278,3,0,4,7
2285,7278,4,1,4,7
2286,7278,7,3,3,9
2287,7278,4,2,5,9
2288,7278,4,0,3,4
2289,7278,4,2,0,4
2290,7278,3,0,0,3
2291,7278,5,1,1,4
2292,7278,3,0,5,8
2293,7278,7,3,0,3
2294,7278,10,6,6,7
2295,7360,6,3,3,8
2296,7360,6,2,1,4
2297,7360,4,2,1,4
2298,7360,6,4,3,4
2299,7360,4,2,2,6
2300,7360,5,1,3,5
2301,7360,6,2,0,3
2302,7360,6,3,3,8
2303,7360,3,0,3,5
2304,7360,8,4,1,4
2305,7360,6,3,2,4
2306,7360,6,3,4,9
2307,7360,7,3,2,7
2308,7360,4,0,3,8
2309,7360,4,0,4,8
2310,7360,8,4,3,4
2311,7360,3,1,0,2
2312,7360,7,4,1,3
2313,7360,5,3,4,6
2314,7360,6,4,0,4
2315,7360,3,0,0,3
2316,7360,8,4,4,7
2317,7360,9,4,0,4
2318,7360,4,2,3,5
2319,7360,2,0,3,7
2320,7360,6,4,0,2
2321,7443,6,0,1,5
2322,7443,4,3,2,4
2323,7443,5,3,3,4
2324,7443,3,2,0,4
2325,7443,7,1,3,7
2326,7443,5,2,0,5
2327,7443,6,2,1,4
2328,7443,5,3,2,8
2329,7443,7,1,2,4
2330,7443,5,3,0,2
2331,7443,5,1,1,4
2332,7443,8,3,3,3
2333,7443,8,4,5,8
2334,7443,7,4,3,6
2335,7443,6,4,0,3
2336,7443,2,0,0,2
2337,7443,4,4,1,5
2338,7443,8,3,1,5
2339,7443,6,3,0,4
2340,7443,5,3,3,5
2341,7443,7,4,0,3
2342,7443,3,2,0,4
2343,7443,5,0,1,5
2344,7443,4,1,6,11
2345,7443,7,0,1,3
2346,7443,9,4,0,4
2347,7528,2,0,0,4
2348,7528,4,4,3,4
2349,7528,5,1,4,5
2350,7528,6,0,2,6
2351,7528,4,2,4,6
2352,7528,6,4,3,5
2353,7528,4,4,1,6
2354,7528,4,1,2,6
2355,7528,4,2,1,6
2356,7528,3,0,0,3
2357,7528,6,3,4,4
2358,7528,5,2,0,2
2359,7528,7,3,6,8
2360,7528,5,2,2,8
2361,7528,4,4,2,5
2362,7528,8,3,4,7
2363,7528,4,0,4,7
2364,7528,8,5,0,4
2365,7528,3,0,0,2
2366,7528,5,1,1,2
2367,7528,4,0,4,8
2368,7528,4,2,10,11
2369,7528,8,4,0,4
2370,7528,3,0,2,5
2371,7528,4,0,2,4
2372,7528,4,0,3,5
2373,7528,1,1,3,4
2374,7611,4,1,3,6
2375,7611,4,2,3,4
2376,7611,7,2,2,4
2377,7611,4,1,2,4
2378,7611,4,2,1,4
2379,7611,7,4,2,4
2380,7611,5,0,3,7
2381,7611,7,3,1,4
2382,7611,6,3,0,4
2383,7611,7,2,0,5
2384,7611,4,2,0,4
2385,7611,11,7,4,7
2386,7611,4,0,0,5
2387,7611,6,1,2,4
2388,7611,4,0,4,7
2389,7611,3,0,4,8
2390,7611,7,2,3,7
2391,7611,7,3,0,4
2392,7611,5,4,4,8
2393,7611,4,3,7,7
2394,7611,4,1,5,9
2395,7611,4,2,0,0
2396,7611,4,0,6,7
2397,7611,1,0,4,5
2398,7611,4,0,4,10
2399,7611,6,2,3,4
2400,7690,6,3,0,3
2401,7690,6,3,2,5
2402,7690,4,2,1,4
2403,7690,3,0,2,5
2404,7690,6,1,1,5
2405,7690,4,0,0,4
2406,7690,4,2,3,6
2407,7690,4,2,4,6
2408,7690,4,0,2,4
2409,7690,5,4,0,0
2410,7690,9,5,3,9
2411,7690,7,4,2,4
2412,7690,4,0,3,7
2413,7690,4,0,1,5
2414,7690,8,4,6,9
2415,7690,6,4,0,3
2416,7690,5,0,2,6
2417,7690,5,3,4,10
2418,7690,5,2,2,5
2419,7690,9,5,6,12
2420,7690,9,4,2,8
2421,7690,6,3,3,10
2422,7690,10,6,1,12
2423,7690,6,4,2,16
2424,7690,12,5,3,18
2425,7769,17,6,4,26
2426,7769,21,11,4,32
2427,7769,25,14,4,37
2428,7769,32,17,4,46
2429,7769,40,23,6,56
2430,7769,46,25,6,67
2431,7769,52,25,5,73
2432,7769,60,33,15,87
2433,7769,67,33,18,97
2434,7769,78,43,18,102
2435,7769,82,43,27,117
2436,7769,99,59,28,119
2437,7769,105,60,38,131
2438,7769,114,69,39,129
2439,7769,121,74,52,143
2440,7769,129,80,62,150
2441,7769,135,83,67,154
2442,7769,143,88,77,164
2443,7769,148,91,83,170
2444,7769,159,101,86,170
2445,7769,163,104,94,179
2446,7769,165,103,101,185
2447,7769,178,113,104,184
2448,7769,183,117,113,188
2449,7769,184,118,120,193
2450,7848,191,124,129,195
2451,7848,195,129,130,196
2452,7848,199,131,136,196
2453,7848,200,134,144,198
2454,7848,205,140,150,195
2455,7848,206,140,154,195
2456,7848,208,144,160,195
2457,7848,210,147,163,194
2458,7848,213,150,167,192
2459,7848,212,148,169,191
2460,7848,212,150,172,190
2461,7848,214,154,177,197
2462,7848,210,149,170,184
2463,7848,212,152,174,189
2464,7848,212,151,171,183
2465,7848,211,152,174,184
2466,7848,208,147,176,185
2467,7848,210,152,170,179
2468,7848,206,150,174,181
2469,7848,207,148,171,178
2470,7848,209,148,175,178
2471,7848,207,147,173,180
2472,7848,203,146,177,182
2473,7848,207,147,173,178
2474,7848,208,149,167,176
2475,7928,205,143,172,178
2476,7928,207,144,169,178
2477,7928,205,145,171,178
2478,7928,205,142,169,177
2479,7928,204,143,170,177
2480,7928,201,143,168,171
2481,7928,201,143,169,170
2482,7928,199,141,169,167
2483,7928,191,140,170,162
2484,7928,189,137,166,155
2485,7928,182,135,165,148
2486,7928,178,135,168,143
2487,7928,171,131,162,136
2488,7928,162,127,162,127
2489,7928,155,123,157,121
2490,7928,150,123,152,112
2491,7928,136,110,150,104
2492,7928,131,111,146,97
2493,7928,118,104,141,87
2494,7928,110,99,130,76
2495,7928,103,96,128,72
2496,7928,101,96,124,71
2497,7928,87,87,110,58
2498,7928,87,87,103,52
2499,7928,81,79,97,46
2500,8007,72,73,94,43
2501,8007,66,68,87,37
2502,8007,61,64,86,37
2503,8007,58,59,77,31
2504,8007,50,57,71,31
2505,8007,46,53,66,26
2506,8007,40,47,62,23
2507,8007,39,47,57,21
2508,8007,32,41,57,22
2509,8007,26,37,47,19
2510,8007,27,38,45,16
2511,8007,27,39,34,11
2512,8007,19,29,39,16
2513,8007,20,30,35,17
2514,8007,17,24,29,14
2515,8007,13,23,24,11
2516,8007,16,25,18,11
2517,8007,12,22,24,17
2518,8007,11,21,18,12
2519,8007,6,13,19,15
2520,8007,11,18,14,10
2521,8007,10,16,12,11
2522,8007,11,18,8,11
2523,8007,8,16,12,13
2524,8007,10,18,14,15
2525,8087,8,15,11,16
2526,8087,7,12,10,12
2527,8087,8,12,11,16
2528,8087,8,14,6,13
2529,8087,11,14,9,15
2530,8087,11,15,9,14
2531,8087,8,12,9,15
2532,8087,11,12,7,11
2533,8087,9,13,7,11
2534,8087,11,15,8,12
2535,8087,7,11,11,16
2536,8087,5,6,9,16
2537,8087,9,13,10,11
2538,8087,4,5,9,12
2539,8087,10,11,6,6
2540,8087,8,10,7,10
2541,8087,8,7,10,14
2542,8087,7,8,13,13
2543,8087,8,9,9,10
2544,8087,10,12,11,11
2545,8087,5,8,11,10
2546,8087,11,9,11,11
2547,8087,6,5,6,11
2548,8087,5,8,10,11
2549,8087,5,3,4,5
2550,8166,9,9,8,6
2551,8166,9,9,7,7
2552,8166,7,6,8,8
2553,8166,8,8,6,7
2554,8166,6,7,8,6
2555,8166,8,10,7,7
2556,8166,7,8,6,7
2557,8166,4,5,3,3
2558,8166,4,4,6,4
2559,8166,10,10,5,7
2560,8166,7,6,6,7
2561,8166,6,4,8,8
2562,8166,5,5,4,4
2563,8166,7,6,3,4
2564,8166,4,2,9,10
2565,8166,8,6,5,5
2566,8166,11,7,5,6
2567,8166,4,0,6,8
2568,8166,4,4,6,5
2569,8166,4,3,5,8
2570,8166,6,6,6,7
2571,8166,4,2,4,7
2572,8166,9,4,4,5
2573,8166,3,0,6,6
2574,8166,10,6,6,7
2575,8245,5,1,0,2
2576,8245,4,3,4,5
2577,8245,3,1,4,5
2578,8245,5,3,3,7
2579,8245,5,2,4,5
2580,8245,5,2,2,5
2581,8245,4,2,4,7
2582,8245,4,1,4,6
2583,8245,7,3,2,4
2584,8245,6,3,2,5
2585,8245,7,4,0,2
2586,8245,4,0,3,6
2587,8245,6,1,1,4
2588,8245,8,3,3,6
2589,8245,8,2,3,6
2590,8245,6,7,3,5
2591,8245,6,1,3,2
2592,8245,4,2,4,5
2593,8245,4,1,2,4
2594,8245,8,4,0,3
2595,8245,6,2,3,6
2596,8245,5,1,4,5
2597,8245,6,4,2,4
2598,8245,3,0,0,4
2599,8245,4,1,6,11
2600,8324,4,0,0,4
2601,8324,5,2,2,5
2602,8324,6,3,3,5
2603,8324,6,2,3,5
2604,8324,5,2,0,5
2605,8324,6,3,2,5
2606,8324,5,2,4,4
2607,8324,4,0,5,7
2608,8324,8,3,3,5
2609,8324,3,0,3,7
2610,8324,0,0,3,7
2611,8324,4,3,2,4
2612,8324,4,0,5,9
2613,8324,6,4,3,5
2614,8324,5,2,1,4
2615,8324,4,1,3,6
2616,8324,4,2,3,5
2617,8324,7,4,0,4
2618,8324,9,2,1,4
2619,8324,1,0,3,5
2620,8324,3,0,0,3
2621,8324,5,1,4,8
2622,8324,4,0,2,7
2623,8324,7,4,1,3
2624,8324,5,1,0,4
2625,8403,7,4,6,7
2626,8403,7,0,1,8
2627,8403,4,1,1,4
2628,8403,5,2,2,4
2629,8403,5,0,3,6
2630,8403,5,0,1,4
2631,8403,4,1,3,5
2632,8403,5,1,1,4
2633,8403,4,3,3,8
2634,8403,6,4,2,3
2635,8403,5,0,2,6
2636,8403,7,1,4,8
2637,8403,10,4,0,3
2638,8403,9,7,4,6
2639,8403,8,4,4,7
2640,8403,5,3,2,4
2641,8403,5,2,1,5
2642,8403,6,3,0,5
2643,8403,6,3,3,5
2644,8403,5,3,1,3
2645,8403,5,2,0,3
2646,8403,8,4,0,3
2647,8403,7,5,3,4
2648,8403,4,2,2,4
2649,8403,9,4,3,7
2650,8483,5,3,2,6
2651,8483,4,0,3,6
2652,8483,7,3,2,6
2653,8483,3,1,2,7
2654,8483,4,3,4,6
2655,8483,5,3,4,7
2656,8483,5,4,1,5
2657,8483,5,4,1,4
2658,8483,3,0,3,7
2659,8483,8,3,0,5
2660,8483,9,9,5,6
2661,8483,7,5,3,5
2662,8483,6,3,1,3
2663,8483,11,7,6,7
2664,8483,5,2,0,4
2665,8483,1,0,3,4
2666,8483,7,3,0,3
2667,8483,4,1,1,5
2668,8483,7,3,1,4
2669,8483,3,0,2,4
2670,8483,4,1,0,4
2671,8483,2,0,5,7
2672,8483,2,0,5,8
2673,8483,10,5,4,6
2674,8483,5,0,2,7
2675,8562,4,1,2,4
2676,8562,4,2,0,4
2677,8562,4,1,4,7
2678,8562,5,3,3,6
2679,8562,5,1,3,5
2680,8562,4,1,3,7
2681,8562,5,3,3,6
2682,8562,8,3,4,8
2683,8562,8,2,1,4
2684,8562,6,0,4,7
2685,8562,3,0,2,4
2686,8562,6,3,3,5
2687,8562,6,1,0,4
2688,8562,5,2,3,7
2689,8562,4,1,3,7
2690,8562,7,5,3,5
2691,8562,4,0,8,10
2692,8562,6,4,0,3
2693,8562,4,2,0,4
2694,8562,7,4,0,3
2695,8562,8,3,0,4
2696,8562,6,1,0,3
2697,8562,8,5,0,3
2698,8562,4,1,2,4
2699,8562,6,2,5,7
2700,8641,6,3,1,4
2701,8641,5,0,3,4
2702,8641,8,3,3,6
2703,8641,6,2,3,7
2704,8641,6,3,2,3
2705,8641,3,0,2,6
2706,8641,5,2,1,4
2707,8641,7,3,1,3
2708,8641,4,0,3,6
2709,8641,5,0,4,8
2710,8641,6,1,0,4
2711,8641,4,0,4,7
2712,8641,5,2,3,7
2713,8641,4,0,1,4
2714,8641,5,4,1,5
2715,8641,6,2,2,4
2716,8641,4,1,1,3
2717,8641,5,3,4,8
2718,8641,5,2,3,5
2719,8641,8,3,5,8
2720,8641,4,2,3,6
2721,8641,2,0,4,8
2722,8641,4,0,4,7
2723,8641,5,4,1,2
2724,8641,6,6,2,4
2725,8720,6,2,3,5
2726,8720,6,4,2,5
2727,8720,6,2,2,5
2728,8720,5,3,5,7
2729,8720,4,0,2,3
2730,8720,3,2,1,7
2731,8720,6,3,1,2
2732,8720,3,2,2,4
2733,8720,7,3,3,7
2734,8720,3,0,3,8
2735,8720,3,2,3,3
2736,8720,6,3,1,4
2737,8720,4,2,3,4
2738,8720,6,4,4,6
2739,8720,5,2,3,7
2740,8720,7,3,4,6
2741,8720,5,0,1,5
2742,8720,7,2,3,5
2743,8720,8,2,5,8
2744,8720,4,0,5,7
2745,8720,4,1,4,7
2746,8720,7,1,1,4
2747,8720,5,3,3,6
2748,8720,5,0,1,6
2749,8720,7,4,3,4
2750,8797,2,1,1,4
2751,8797,5,4,0,3
2752,8797,4,4,3,6
2753,8797,3,1,2,4
2754,8797,5,3,3,5
2755,8797,4,2,3,7
2756,8797,6,3,4,5
2757,8797,6,2,0,2
2758,8797,5,0,2,5
2759,8797,4,0,4,8
2760,8797,4,0,1,4
2761,8797,7,2,2,5
2762,8797,3,0,1,6
2763,8797,5,0,3,6
2764,8797,8,3,0,1
2765,8797,6,4,0,4
2766,8797,7,3,1,4
2767,8797,3,0,5,7
2768,8797,4,0,0,4
2769,8797,8,4,0,4
2770,8797,7,4,2,3
2771,8797,8,5,4,5
2772,8797,4,3,8,10
2773,8797,4,1,0,3
2774,8876,7,4,0,4
2775,8876,6,3,2,4
2776,8876,7,4,2,4
2777,8876,8,2,4,7
2778,8876,7,3,1,4
2779,8876,4,4,0,4
2780,8876,8,4,3,5
2781,8876,4,1,0,4
2782,8876,2,0,4,8
2783,8876,7,1,0,3
2784,8876,6,2,0,0
2785,8876,8,3,5,7
2786,8876,5,4,0,4
2787,8876,7,5,3,5
2788,8876,4,1,2,6
2789,8876,5,0,4,5
2790,8876,5,2,1,3
2791,8876,8,2,4,6
2792,8876,3,0,0,4
2793,8876,4,1,5,4
2794,8876,7,4,2,4
2795,8876,11,6,5,8
2796,8876,4,1,5,9
2797,8876,5,2,4,6
2798,8876,9,3,2,4
2799,8952,7,4,4,8
2800,8952,4,2,3,3
2801,8952,4,3,0,4
2802,8952,4,1,2,3
2803,8952,7,4,4,5
2804,8952,4,0,4,7
2805,8952,9,3,4,8
2806,8952,4,2,0,4
2807,8952,3,1,0,2
2808,8952,8,5,1,2
2809,8952,4,2,0,2
2810,8952,7,4,0,3
2811,8952,1,0,1,4
2812,8952,4,2,5,8
2813,8952,8,4,3,4
2814,8952,6,3,0,2
2815,8952,4,0,0,3
2816,8952,5,3,4,6
2817,8952,6,2,7,7
2818,8952,8,3,4,7
2819,8952,7,5,4,6
2820,8952,4,0,1,4
2821,8952,4,2,0,2
2822,8952,5,2,4,6
2823,9031,6,4,2,6
2824,9031,4,1,1,7
2825,9031,6,3,1,4
2826,9031,4,2,3,5
2827,9031,6,3,0,6
2828,9031,5,2,2,6
2829,9031,5,3,3,6
2830,9031,4,2,4,8
2831,9031,5,4,1,7
2832,9031,4,3,1,3
2833,9031,7,5,0,2
2834,9031,7,3,3,7
2835,9031,5,2,2,4
2836,9031,6,2,1,3
2837,9031,7,4,3,5
2838,9031,7,4,3,6
2839,9031,4,0,4,6
2840,9031,5,4,4,9
2841,9031,5,0,0,3
2842,9031,3,1,4,6
2843,9031,6,3,1,3
2844,9031,4,2,0,2
2845,9031,5,1,2,6
2846,9031,4,0,0,5
2847,9031,5,3,5,6
2848,9110,3,0,0,3
2849,9110,5,2,2,3
2850,9110,4,1,3,6
2851,9110,6,2,3,4
2852,9110,6,1,3,7
2853,9110,6,2,3,7
2854,9110,5,2,2,2
2855,9110,6,1,3,6
2856,9110,0,0,0,4
2857,9110,6,2,1,6
2858,9110,7,3,0,0
2859,9110,8,4,0,3
2860,9110,5,1,2,7
2861,9110,4,0,7,11
2862,9110,7,4,0,5
2863,9110,1,0,0,5
2864,9110,2,0,1,5
2865,9110,6,5,0,2
2866,9110,10,6,1,4
2867,9110,9,7,0,2
2868,9110,4,0,2,4
2869,9110,4,2,0,4
2870,9110,4,0,2,6
2871,9110,6,3,1,5
2872,9110,4,0,0,5
2873,9187,5,1,4,6
2874,9187,5,0,4,4
2875,9187,7,3,3,5
2876,9187,6,3,2,4
2877,9187,6,0,1,4
2878,9187,6,2,2,4
2879,9187,7,3,1,5
2880,9187,4,1,4,6
2881,9187,5,1,1,5
2882,9187,10,4,3,4
2883,9187,3,0,3,6
2884,9187,1,0,4,6
2885,9187,2,0,0,2
2886,9187,6,3,3,4
2887,9187,5,4,0,1
2888,9187,8,4,5,8
2889,9187,8,4,0,4
2890,9187,0,0,3,6
2891,9187,4,0,2,4
2892,9187,8,4,2,4
2893,9187,4,1,2,5
2894,9187,6,3,0,3
2895,9187,6,1,3,5
2896,9187,4,0,1,3
2897,9266,5,0,1,3
2898,9266,5,1,2,4
2899,9266,9,4,1,6
2900,9266,4,0,2,4
2901,9266,4,4,3,3
2902,9266,6,3,2,6
2903,9266,4,1,3,4
2904,9266,5,2,0,2
2905,9266,5,0,3,6
2906,9266,6,2,0,4
2907,9266,6,2,0,4
2908,9266,6,4,7,8
2909,9266,6,3,2,7
2910,9266,4,0,0,1
2911,9266,6,3,4,3
2912,9266,7,4,0,4
2913,9266,8,3,0,3
2914,9266,4,0,0,4
2915,9266,10,7,3,6
2916,9266,3,0,2,4
2917,9266,4,1,0,0
2918,9266,6,1,8,10
2919,9266,4,3,3,5
2920,9266,3,0,3,4
2921,9266,4,0,3,7
2922,9345,3,0,3,7
2923,9345,4,1,2,5
2924,9345,5,0,4,7
2925,9345,6,1,2,4
2926,9345,6,4,3,5
2927,9345,5,2,4,4
2928,9345,6,2,3,5
2929,9345,5,0,4,7
2930,9345,8,2,0,3
2931,9345,2,0,4,7
2932,9345,3,1,2,3
2933,9345,4,0,1,3
2934,9345,6,2,0,4
2935,9345,4,1,0,1
2936,9345,5,2,2,3
2937,9345,5,2,1,4
2938,9345,6,3,0,4
2939,9345,7,3,0,2
2940,9345,5,1,5,8
2941,9345,7,6,3,6
2942,9345,7,2,0,2
2943,9345,10,6,4,6
2944,9345,5,3,0,2
2945,9345,6,2,4,5
2946,9345,8,4,0,3
2947,9421,5,1,1,4
2948,9421,7,4,1,4
2949,9421,5,3,1,4
2950,9421,4,1,2,4
2951,9421,7,2,3,5
2952,9421,6,4,4,5
2953,9421,4,0,1,5
2954,9421,6,1,2,6
2955,9421,5,2,1,4
2956,9421,2,0,5,7
2957,9421,6,3,3,6
2958,9421,4,0,1,4
2959,9421,9,5,4,7
2960,9421,6,2,5,6
2961,9421,1,0,3,6
2962,9421,2,0,3,4
2963,9421,5,0,2,8
2964,9421,4,2,1,4
2965,9421,8,4,3,7
2966,9421,5,2,2,4
2967,9421,6,4,4,6
2968,9421,6,3,4,8
2969,9421,4,3,0,2
2970,9421,7,5,1,4
2971,9500,5,3,4,8
2972,9500,5,2,3,5
2973,9500,6,3,3,6
2974,9500,6,2,4,6
2975,9500,6,2,1,4
2976,9500,3,0,2,4
2977,9500,4,1,3,6
2978,9500,8,4,0,4
2979,9500,6,3,1,3
2980,9500,2,0,4,6
2981,9500,5,3,2,4
2982,9500,4,0,3,7
2983,9500,4,3,0,3
2984,9500,8,6,0,4
2985,9500,11,8,3,4
2986,9500,5,1,4,6
2987,9500,4,1,3,5
2988,9500,6,4,4,7
2989,9500,5,0,1,4
2990,9500,4,1,0,5
2991,9500,7,1,2,4
2992,9500,7,4,0,2
2993,9500,6,2,3,5
2994,9500,7,4,3,6
2995,9500,4,0,3,7
2996,9580,7,4,3,6
2997,9580,7,3,4,7
2998,9580,5,3,1,4
2999,9580,4,0,2,4
3000,9580,4,1,4,6
3001,9580,4,2,0,5
3002,9580,7,3,0,3
3003,9580,5,3,2,5
3004,9580,9,3,3,4
3005,9580,6,4,5,7
3006,9580,4,0,0,4
3007,9580,4,2,3,7
3008,9580,7,6,3,6
3009,9580,5,1,0,4
3010,9580,10,4,2,4
3011,9580,4,2,1,2
3012,9580,6,4,1,5
3013,9580,7,2,0,0
3014,9580,7,3,2,6
3015,9580,7,6,0,4
3016,9580,6,3,0,4
3017,9580,6,3,0,2
3018,9580,8,3,0,3
3019,9580,2,0,4,4
3020,9580,4,0,0,5
3021,9659,4,3,4,6
3022,9659,4,0,1,2
3023,9659,4,2,2,4
3024,9659,4,3,1,5
3025,9659,5,2,2,5
3026,9659,2,0,2,6
3027,9659,6,3,3,6
3028,9659,5,3,5,8
3029,9659,4,0,0,6
3030,9659,4,2,5,6
3031,9659,5,3,2,5
3032,9659,4,2,1,4
3033,9659,1,0,4,8
3034,9659,4,0,5,7
3035,9659,5,2,0,5
3036,9659,4,0,4,6
3037,9659,2,0,7,10
3038,9659,7,3,0,4
3039,9659,8,4,0,2
3040,9659,6,4,2,5
3041,9659,4,0,4,7
3042,9659,4,2,0,3
3043,9659,5,2,0,3
3044,9659,8,4,1,4
3045,9659,2,0,0,2
3046,9735,8,5,0,6
3047,9735,8,0,2,6
3048,9735,4,0,3,4
3049,9735,5,3,0,4
3050,9735,5,1,2,5
3051,9735,5,0,2,3
3052,9735,4,1,2,5
3053,9735,5,1,4,7
3054,9735,2,0,1,4
3055,9735,3,0,4,6
3056,9735,6,2,4,7
3057,9735,4,0,5,8
3058,9735,3,0,3,5
3059,9735,9,5,1,6
3060,9735,8,4,4,7
3061,9735,4,1,0,1
3062,9735,8,3,0,2
3063,9735,2,0,2,6
3064,9735,5,3,2,4
3065,9735,5,2,1,6
3066,9735,6,3,2,4
3067,9735,7,5,6,8
3068,9735,8,4,4,5
3069,9735,7,3,0,5
3070,9812,7,3,2,6
3071,9812,5,1,2,4
3072,9812,5,3,1,4
3073,9812,4,2,4,6
3074,9812,4,4,2,5
3075,9812,6,2,4,4
3076,9812,6,2,2,5
3077,9812,5,1,0,3
3078,9812,8,7,4,8
3079,9812,6,4,0,3
3080,9812,7,4,0,3
3081,9812,8,3,0,0
3082,9812,1,0,0,4
3083,9812,6,4,2,2
3084,9812,5,4,3,8
3085,9812,4,2,0,5
3086,9812,6,2,4,6
3087,9812,7,6,2,5
3088,9812,4,2,0,2
3089,9812,5,1,1,5
3090,9812,7,1,1,6
3091,9812,4,1,0,2
3092,9812,4,0,3,8
3093,9812,8,3,3,6
3094,9890,5,2,2,4
3095,9890,6,4,3,4
3096,9890,7,3,2,5
3097,9890,6,1,3,6
3098,9890,4,0,3,6
3099,9890,4,0,2,5
3100,9890,7,2,4,5
3101,9890,5,3,1,4
3102,9890,5,3,2,4
3103,9890,6,3,2,5
3104,9890,6,4,5,7
3105,9890,4,0,3,4
3106,9890,3,0,4,7
3107,9890,3,0,2,4
3108,9890,5,2,4,7
3109,9890,4,0,4,4
3110,9890,6,4,0,6
3111,9890,5,0,3,5
3112,9890,8,3,2,7
3113,9890,3,2,0,4
3114,9890,3,0,3,7
3115,9890,6,4,4,6
3116,9890,4,0,0,3
3117,9890,6,4,0,3
3118,9890,5,4,4,5
3119,9967,5,3,3,5
3120,9967,4,1,4,6
3121,9967,4,1,3,7
3122,9967,6,1,4,5
3123,9967,4,3,1,4
3124,9967,6,1,0,4
3125,9967,5,1,0,5
3126,9967,8,3,4,9
3127,9967,7,4,0,1
3128,9967,4,2,1,4
3129,9967,7,4,0,2
3130,9967,4,0,3,6
3131,9967,0,0,0,4
3132,9967,4,0,5,9
3133,9967,5,4,2,6
3134,9967,4,0,0,4
3135,9967,7,3,4,6
3136,9967,4,2,0,4
3137,9967,6,2,4,6
3138,9967,4,0,6,9
3139,9967,3,1,5,9
3140,9967,4,2,2,4
3141,9967,6,3,0,4
3142,9967,4,0,6,10
3143,10046,4,0,2,4
3144,10046,6,4,2,7
3145,10046,4,2,3,4
3146,10046,4,0,3,4
3147,10046,4,1,2,4
3148,10046,6,4,3,4
3149,10046,4,2,1,3
3150,10046,7,1,2,4
3151,10046,4,0,0,4
3152,10046,6,4,0,2
3153,10046,7,2,0,2
3154,10046,7,4,2,5
3155,10046,7,4,3,6
3156,10046,2,0,3,5
3157,10046,2,0,3,6
3158,10046,4,1,0,3
3159,10046,9,2,1,6
3160,10046,5,3,0,3
3161,10046,4,0,3,8
3162,10046,4,0,3,4
3163,10046,2,0,1,7
3164,10046,6,3,2,4
3165,10046,5,2,0,2
3166,10046,5,0,1,4
3167,10046,8,5,3,4
3168,10125,5,1,4,5
3169,10125,9,3,2,4
3170,10125,7,2,2,7
3171,10125,4,4,3,6
3172,10125,6,3,1,4
3173,10125,7,3,1,6
3174,10125,3,0,0,4
3175,10125,5,3,3,6
3176,10125,1,0,2,8
3177,10125,3,0,2,7
3178,10125,6,3,3,7
3179,10125,7,4,0,3
3180,10125,5,2,1,5
3181,10125,8,4,1,5
3182,10125,8,5,4,7
3183,10125,7,4,1,4
3184,10125,9,7,2,8
3185,10125,10,4,0,10
3186,10125,6,1,1,11
3187,10125,11,5,4,15
3188,10125,15,9,3,18
3189,10125,14,5,3,23
3190,10125,18,9,4,29
3191,10125,24,12,4,38
3192,10125,30,16,2,46
3193,10204,38,21,5,55
3194,10204,45,24,7,66
3195,10204,56,30,7,76
3196,10204,65,33,10,91
3197,10204,75,42,15,102
3198,10204,87,47,20,114
3199,10204,96,54,27,122
3200,10204,108,58,31,132
3201,10204,117,66,42,146
3202,10204,128,70,48,154
3203,10204,141,81,59,164
3204,10204,148,87,60,168
3205,10204,156,92,77,183
3206,10204,164,96,81,185
3207,10204,170,101,97,198
3208,10204,178,106,101,202
3209,10204,188,114,107,208
3210,10204,196,120,108,207
3211,10204,206,123,120,217
3212,10204,212,129,129,224
3213,10204,219,135,132,226
3214,10204,226,140,142,233
3215,10204,234,142,142,233
3216,10204,244,151,152,240
3217,10204,246,153,157,239
3218,10284,252,159,167,244
3219,10284,255,162,173,244
3220,10284,255,166,181,243
3221,10284,255,170,187,243
3222,10284,255,172,193,242
3223,10284,255,174,198,243
3224,10284,255,177,205,242
3225,10284,255,180,205,240
3226,10284,255,178,210,237
3227,10284,255,184,213,239
3228,10284,255,180,219,241
3229,10284,255,185,220,242
3230,10284,255,187,216,236
3231,10284,255,184,219,237
3232,10284,255,186,221,238
3233,10284,255,181,220,234
3234,10284,255,188,220,236
3235,10284,255,185,222,235
3236,10284,255,185,215,227
3237,10284,255,182,221,233
3238,10284,255,183,221,230
3239,10284,255,184,219,226
3240,10284,255,178,224,227
3241,10284,255,183,226,228
3242,10284,255,178,219,225
3243,10363,255,182,223,226
3244,10363,255,180,222,224
3245,10363,255,177,218,226
3246,10363,255,177,217,224
3247,10363,255,178,217,228
3248,10363,255,178,214,226
3249,10363,255,177,214,227
3250,10363,255,179,212,228
3251,10363,255,177,209,227
3252,10363,255,177,218,233
3253,10363,255,174,215,227
3254,10363,255,177,210,221
3255,10363,255,172,212,219
3256,10363,255,170,212,216
3257,10363,255,170,216,214
3258,10363,254,170,212,205
3259,10363,239,159,209,194
3260,10363,237,164,212,192
3261,10363,231,164,207,180
3262,10363,220,158,206,173
3263,10363,212,156,206,166
3264,10363,203,153,197,150
3265,10363,192,147,196,143
3266,10363,180,141,189,132
3267,10363,170,139,182,121
3268,10446,163,136,171,112
3269,10446,153,130,170,106
3270,10446,143,125,163,97
3271,10446,135,118,154,87
3272,10446,125,114,151,87
3273,10446,116,109,142,77
3274,10446,110,106,135,74
3275,10446,103,100,128,67
3276,10446,95,95,122,64
3277,10446,86,87,116,61
3278,10446,83,87,106,56
3279,10446,78,85,100,51
3280,10446,69,79,94,49
3281,10446,66,78,85,45
3282,10446,59,73,81,46
3283,10446,53,68,76,44
3284,10446,50,66,68,39
3285,10446,42,61,66,38
3286,10446,39,56,61,37
3287,10446,37,55,54,32
3288,10446,32,50,55,36
3289,10446,31,47,44,28
3290,10446,24,42,45,32
3291,10446,28,45,47,33
3292,10446,25,40,37,28
3293,10446,21,38,29,23
3294,10528,18,31,31,24
3295,10528,18,29,29,23
3296,10528,16,30,25,18
3297,10528,17,27,24,19
3298,10528,14,24,24,18
3299,10528,13,20,22,16
3300,10528,12,18,19,17
3301,10528,10,17,18,17
3302,10528,14,18,17,11
3303,10528,8,14,12,9
3304,10528,10,16,18,11
3305,10528,9,10,17,12
3306,10528,5,10,16,12
3307,10528,10,13,12,12
3308,10528,8,10,10,5
3309,10528,11,11,15,13
3310,10528,5,8,5,7
3311,10528,4,4,10,6
3312,10528,5,6,7,7
3313,10528,4,3,10,7
3314,10528,10,10,8,8
3315,10528,7,8,10,11
3316,10528,9,5,7,4
3317,10528,7,9,6,6
3318,10528,6,5,7,6
3319,10528,10,10,11,9
3320,10611,6,5,4,4
3321,10611,5,4,4,5
3322,10611,6,4,5,8
3323,10611,6,3,4,4
3324,10611,8,3,4,4
3325,10611,6,4,4,8
3326,10611,4,2,4,4
3327,10611,6,2,3,5
3328,10611,9,3,0,3
3329,10611,6,3,1,6
3330,10611,8,4,3,6
3331,10611,7,3,5,9
3332,10611,4,2,1,4
3333,10611,4,0,4,9
3334,10611,6,3,4,6
3335,10611,5,2,2,6
3336,10611,8,4,1,3
3337,10611,5,4,0,4
3338,10611,8,4,4,4
3339,10611,5,3,2,4
3340,10611,4,1,2,5
3341,10611,8,4,1,4
3342,10611,9,4,1,4
3343,10611,3,2,4,5
3344,10611,9,3,4,8
3345,10611,4,1,0,4
3346,10690,5,1,4,7
3347,10690,5,2,3,6
3348,10690,6,3,3,5
3349,10690,5,0,2,6
3350,10690,10,4,2,5
3351,10690,5,3,3,5
3352,10690,4,4,4,4
3353,10690,5,2,3,4
3354,10690,7,5,2,6
3355,10690,4,1,5,8
3356,10690,5,2,4,10
3357,10690,5,0,4,6
3358,10690,3,2,4,7
3359,10690,6,3,1,2
3360,10690,5,3,2,7
3361,10690,4,0,0,4
3362,10690,5,2,1,6
3363,10690,8,3,1,5
3364,10690,4,1,2,6
3365,10690,9,6,3,8
3366,10690,5,3,4,6
3367,10690,4,2,0,5
3368,10690,7,5,0,2
3369,10690,4,0,4,6
3370,10690,5,0,4,7
3371,10769,3,1,4,9
3372,10769,6,2,3,4
3373,10769,7,4,0,3
3374,10769,5,4,1,6
3375,10769,6,0,1,4
3376,10769,6,2,2,5
3377,10769,4,1,3,5
3378,10769,2,0,0,4
3379,10769,0,0,2,5
3380,10769,5,3,2,6
3381,10769,9,5,2,6
3382,10769,6,3,3,7
3383,10769,4,1,2,4
3384,10769,4,1,0,3
3385,10769,6,3,3,5
3386,10769,7,3,0,4
3387,10769,9,3,1,4
3388,10769,5,2,1,5
3389,10769,4,0,3,7
3390,10769,7,3,4,8
3391,10769,7,2,1,7
3392,10769,4,1,2,4
3393,10769,3,1,2,4
3394,10769,5,0,2,5
3395,10769,4,1,2,5
3396,10848,4,0,1,5
3397,10848,4,1,5,7
3398,10848,3,0,2,5
3399,10848,3,2,2,5
3400,10848,5,2,0,4
3401,10848,5,2,3,5
3402,10848,6,2,2,3
3403,10848,6,2,1,6
3404,10848,2,2,1,3
3405,10848,6,0,1,6
3406,10848,10,7,2,4
3407,10848,8,3,0,6
3408,10848,1,0,6,8
3409,10848,4,0,6,8
3410,10848,4,1,0,0
3411,10848,2,0,5,6
3412,10848,10,4,1,5
3413,10848,4,0,2,4
3414,10848,4,2,3,7
3415,10848,4,4,3,4
3416,10848,6,2,5,6
3417,10848,7,3,4,4
3418,10848,7,3,1,2
3419,10848,7,3,1,4
3420,10848,8,5,2,4
3421,10927,3,0,0,4
3422,10927,6,3,1,4
3423,10927,6,2,1,6
3424,10927,5,0,2,6
3425,10927,4,2,0,4
3426,10927,4,0,4,6
3427,10927,6,1,2,4
3428,10927,5,2,4,8
3429,10927,11,7,4,5
3430,10927,6,6,0,3
3431,10927,5,2,0,2
3432,10927,6,6,2,5
3433,10927,5,1,2,7
3434,10927,6,3,3,6
3435,10927,4,1,4,6
3436,10927,4,3,2,4
3437,10927,4,0,0,0
3438,10927,5,3,0,0
3439,10927,1,0,0,2
3440,10927,5,4,1,4
3441,10927,10,5,3,4
3442,10927,5,0,2,4
3443,10927,6,3,1,1
3444,10927,6,1,5,8
3445,10927,11,8,0,3
3446,11007,6,2,3,6
3447,11007,3,1,3,4
3448,11007,6,2,3,3
3449,11007,5,2,3,6
3450,11007,3,1,4,5
3451,11007,5,2,0,4
3452,11007,4,0,0,4
3453,11007,7,3,2,4
3454,11007,8,4,0,2
3455,11007,4,2,4,4
3456,11007,4,1,0,3
3457,11007,6,4,2,5
3458,11007,9,4,0,3
3459,11007,8,3,2,7
3460,11007,7,2,0,4
3461,11007,1,0,3,7
3462,11007,4,0,1,3
3463,11007,8,6,1,4
3464,11007,4,0,2,6
3465,11007,2,1,2,5
3466,11007,4,2,1,5
3467,11007,6,1,4,7
3468,11007,4,0,6,6
3469,11007,5,1,3,4
3470,11007,4,0,0,5
3471,11086,4,2,1,4
3472,11086,5,2,1,5
3473,11086,4,1,3,5
3474,11086,6,3,2,5
3475,11086,5,1,3,5
3476,11086,5,4,2,5
3477,11086,7,2,1,4
3478,11086,6,2,3,6
3479,11086,2,0,1,5
3480,11086,5,3,3,4
3481,11086,0,0,3,8
3482,11086,1,1,1,6
3483,11086,3,0,4,8
3484,11086,5,1,4,5
3485,11086,6,1,1,4
3486,11086,8,4,3,8
3487,11086,4,2,0,3
3488,11086,4,0,4,8
3489,11086,2,0,2,6
3490,11086,10,4,0,2
3491,11086,7,4,0,4
3492,11086,4,0,3,5
3493,11086,6,4,1,6
3494,11086,4,0,0,4
3495,11086,7,3,4,6
3496,11165,5,3,2,7
3497,11165,4,1,0,5
3498,11165,5,2,0,3
3499,11165,4,0,4,4
3500,11165,6,2,3,6
3501,11165,5,1,0,4
3502,11165,7,2,3,5
3503,11165,7,4,2,3
3504,11165,8,4,0,3
3505,11165,8,4,2,6
3506,11165,5,1,0,4
3507,11165,5,2,7,10
3508,11165,6,1,0,5
3509,11165,4,1,4,6
3510,11165,5,4,4,7
3511,11165,4,0,1,7
3512,11165,5,2,2,4
3513,11165,8,1,3,6
3514,11165,9,4,1,5
3515,11165,5,0,2,4
3516,11165,5,0,3,6
3517,11165,9,3,2,5
3518,11165,2,0,4,5
3519,11165,3,0,0,3
3520,11165,3,0,3,5
3521,11244,9,4,1,3
3522,11244,4,1,3,6
3523,11244,4,3,3,6
3524,11244,4,4,4,8
3525,11244,5,2,2,6
3526,11244,7,4,3,6
3527,11244,4,0,4,6
3528,11244,4,0,2,5
3529,11244,5,1,1,4
3530,11244,5,1,3,6
3531,11244,5,1,1,4
3532,11244,7,4,0,4
3533,11244,4,2,1,3
3534,11244,4,3,0,2
3535,11244,3,2,2,3
3536,11244,6,4,3,7
3537,11244,4,1,4,6
3538,11244,3,0,4,8
3539,11244,5,1,0,3
3540,11244,10,5,0,0
3541,11244,7,4,0,0
3542,11244,9,4,1,4
3543,11244,4,3,4,7
3544,11244,7,3,2,4
3545,11244,6,4,1,4
3546,11365,4,0,0,2
3547,11365,4,1,4,8
3548,11365,8,3,0,3
3549,11365,5,2,2,3
3550,11365,5,2,0,4
3551,11365,4,1,2,3
3552,11365,6,1,4,3
3553,11365,4,2,2,4
3554,11365,4,2,1,4
3555,11365,8,4,1,5
3556,11365,4,1,3,4
3557,11365,5,0,0,4
3558,11365,8,8,4,7
3559,11365,6,2,2,5
3560,11365,8,5,0,4
3561,11365,7,4,2,6
3562,11365,4,0,5,7
3563,11365,6,4,4,5
3564,11365,3,0,5,7
3565,11365,7,5,5,8
3566,11365,7,1,3,5
3567,11365,8,3,2,6
3568,11365,4,1,3,8
3569,11365,4,1,2,6
3570,11365,7,4,0,2
3571,11365,5,2,4,4
3572,11365,4,1,0,4
3573,11365,6,2,0,2
3574,11365,11,5,2,5
3575,11365,3,1,5,10
3576,11365,6,0,4,6
3577,11365,3,0,1,4
3578,11365,9,4,0,0
3579,11365,3,0,3,4
3580,11365,5,0,2,6
3581,11365,9,2,0,0
3582,11365,3,1,3,5
3583,11365,4,3,0,5
3584,11463,4,3,3,4
3585,11463,5,2,0,4
3586,11463,4,2,3,4
3587,11463,3,0,1,4
3588,11463,4,3,1,5
3589,11463,6,3,0,3
3590,11463,5,1,0,4
3591,11463,4,1,1,4
3592,11463,8,3,2,6
3593,11463,4,1,4,8
3594,11463,12,5,1,6
3595,11463,3,0,6,8
3596,11463,7,4,4,6
3597,11463,2,0,2,6
3598,11463,4,0,3,5
3599,11463,7,4,2,4
3600,11463,5,2,4,5
3601,11463,3,0,4,7
3602,11463,4,3,0,3
3603,11463,4,1,0,4
3604,11463,5,3,3,5
3605,11463,6,6,0,3
3606,11463,4,0,1,5
3607,11463,4,0,0,2
3608,11463,3,0,1,5
3609,11463,5,1,3,7
3610,11463,7,3,0,1
3611,11463,6,2,5,7
3612,11463,8,4,0,1
3613,11463,2,0,0,4
3614,11463,4,1,5,8
3615,11552,5,3,4,6
3616,11552,4,2,1,4
3617,11552,6,2,3,5
3618,11552,6,1,4,4
3619,11552,4,1,1,4
3620,11552,6,3,3,4
3621,11552,4,1,1,6
3622,11552,6,3,2,4
3623,11552,3,0,1,1
3624,11552,6,1,0,4
3625,11552,8,5,1,4
3626,11552,10,5,0,3
3627,11552,5,0,1,4
3628,11552,10,8,3,7
3629,11552,3,0,1,4
3630,11552,4,0,4,7
3631,11552,7,4,3,5
3632,11552,5,3,5,6
3633,11552,7,4,4,6
3634,11552,7,3,0,2
3635,11552,1,0,1,4
3636,11552,2,0,2,6
3637,11552,5,2,2,4
3638,11552,6,1,2,4
3639,11552,8,3,3,6
3640,11552,4,0,4,5
3641,11552,5,0,3,5
3642,11552,2,0,3,6
3643,11635,4,3,0,3
3644,11635,6,2,3,4
3645,11635,7,3,2,6
3646,11635,5,0,0,4
3647,11635,6,2,2,4
3648,11635,5,1,2,5
3649,11635,4,1,2,6
3650,11635,4,0,3,6
3651,11635,3,0,0,3
3652,11635,2,2,3,5
3653,11635,4,1,0,6
3654,11635,1,0,2,5
3655,11635,5,2,0,4
3656,11635,4,1,4,5
3657,11635,5,3,4,8
3658,11635,2,1,0,2
3659,11635,3,0,2,5
3660,11635,1,0,0,4
3661,11635,8,4,3,8
3662,11635,10,6,2,4
3663,11635,7,4,0,1
3664,11635,4,0,1,3
3665,11635,7,3,1,6
3666,11635,9,6,4,7
3667,11635,4,0,0,3
3668,11635,9,4,3,6
3669,11714,4,2,2,5
3670,11714,4,1,1,6
3671,11714,4,1,2,7
3672,11714,4,2,3,5
3673,11714,7,5,2,6
3674,11714,5,2,3,5
3675,11714,4,0,2,4
3676,11714,5,2,3,6
3677,11714,10,5,5,9
3678,11714,10,5,0,4
3679,11714,4,0,1,5
3680,11714,7,4,2,8
3681,11714,4,1,1,3
3682,11714,4,1,0,5
3683,11714,2,0,9,11
3684,11714,9,8,0,4
3685,11714,9,7,0,6
3686,11714,4,0,1,4
3687,11714,5,1,4,10
3688,11714,6,1,2,5
3689,11714,4,2,5,9
3690,11714,4,1,4,7
3691,11714,6,4,4,6
3692,11714,5,4,1,5
3693,11714,3,0,0,3
3694,11793,4,4,1,4
3695,11793,5,1,3,3
3696,11793,6,0,2,5
3697,11793,5,3,2,4
3698,11793,6,3,3,4
3699,11793,5,1,2,5
3700,11793,5,4,3,6
3701,11793,5,1,2,5
3702,11793,6,4,1,4
3703,11793,6,0,2,4
3704,11793,5,2,0,4
3705,11793,4,0,3,5
3706,11793,10,6,2,4
3707,11793,4,0,2,4
3708,11793,10,6,4,7
3709,11793,3,0,0,3
3710,11793,5,0,3,6
3711,11793,9,4,3,7
3712,11793,6,3,0,3
3713,11793,3,0,2,5
3714,11793,5,3,0,4
3715,11793,10,5,0,4
3716,11793,5,4,0,3
3717,11793,5,3,0,3
3718,11793,2,0,2,6
3719,11872,5,3,1,5
3720,11872,5,0,1,5
3721,11872,3,2,3,7
3722,11872,4,0,1,5
3723,11872,5,1,1,4
3724,11872,6,1,1,4
3725,11872,4,3,1,4
3726,11872,7,2,4,6
3727,11872,10,5,0,6
3728,11872,8,6,2,5
3729,11872,5,1,4,11
3730,11872,2,1,0,4
3731,11872,4,3,3,5
3732,11872,6,4,2,4
3733,11872,4,0,0,4
3734,11872,7,1,4,6
3735,11872,1,0,1,4
3736,11872,8,4,5,7
3737,11872,6,2,1,5
3738,11872,5,1,1,3
3739,11872,5,1,2,4
3740,11872,5,3,0,6
3741,11872,9,5,0,3
3742,11872,3,2,3,5
3743,11872,6,2,3,7
3744,11951,4,0,5,6
3745,11951,4,1,2,5
3746,11951,4,2,1,4
3747,11951,5,2,0,4
3748,11951,9,5,1,6
3749,11951,4,2,3,5
3750,11951,4,0,0,4
3751,11951,4,1,3,7
3752,11951,8,5,5,7
3753,11951,3,0,3,5
3754,11951,6,3,2,4
3755,11951,7,4,4,7
3756,11951,8,3,0,3
3757,11951,7,0,4,9
3758,11951,3,0,0,4
3759,11951,8,6,1,6
3760,11951,4,0,0,2
3761,11951,7,3,3,4
3762,11951,7,4,3,7
3763,11951,4,1,0,2
3764,11951,3,0,2,6
3765,11951,6,1,3,8
3766,11951,4,1,3,6
3767,11951,4,0,3,6
3768,11951,4,1,2,4
3769,12031,5,0,1,5
3770,12031,5,3,3,4
3771,12031,6,3,0,3
3772,12031,5,1,3,8
3773,12031,6,3,2,4
3774,12031,4,2,0,4
3775,12031,4,2,3,5
3776,12031,4,2,1,3
3777,12031,3,0,1,5
3778,12031,4,2,3,7
3779,12031,4,0,3,5
3780,12031,7,3,6,8
3781,12031,5,2,3,6
3782,12031,5,1,0,3
3783,12031,7,4,0,3
3784,12031,3,1,1,5
3785,12031,6,4,0,3
3786,12031,1,0,3,7
3787,12031,5,3,3,6
3788,12031,4,3,4,6
3789,12031,3,0,3,8
3790,12031,4,2,1,5
3791,12031,6,2,4,9
3792,12031,8,4,0,5
3793,12031,7,4,0,4
3794,12110,4,0,1,5
3795,12110,7,4,2,5
3796,12110,4,2,4,5
3797,12110,5,2,1,4
3798,12110,4,1,2,7
3799,12110,6,0,0,4
3800,12110,4,1,2,4
3801,12110,6,1,4,7
3802,12110,4,1,0,2
3803,12110,6,0,3,8
3804,12110,3,0,2,5
3805,12110,4,0,4,9
3806,12110,6,1,2,3
3807,12110,6,0,1,4
3808,12110,7,3,0,3
3809,12110,6,3,3,6
3810,12110,10,6,1,4
3811,12110,4,0,5,8
3812,12110,4,0,3,7
3813,12110,2,0,4,6
3814,12110,1,0,5,7
3815,12110,4,3,4,6
3816,12110,3,0,1,3
3817,12110,8,5,3,4
3818,12110,6,1,2,3
3819,12186,4,2,3,5
3820,12186,4,4,2,5
3821,12186,4,1,4,5
3822,12186,6,2,2,4
3823,12186,4,2,3,5
3824,12186,7,2,2,6
3825,12186,4,2,2,6
3826,12186,6,2,4,6
3827,12186,4,2,1,4
3828,12186,3,0,4,6
3829,12186,6,4,4,7
3830,12186,6,4,2,4
3831,12186,4,3,0,4
3832,12186,2,0,3,8
3833,12186,4,0,0,3
3834,12186,6,2,0,1
3835,12186,3,0,1,2
3836,12186,10,5,3,6
3837,12186,4,1,4,6
3838,12186,5,0,1,4
3839,12186,5,3,0,3
3840,12186,7,4,0,0
3841,12186,6,2,0,2
3842,12186,10,6,3,6
3843,12265,3,0,4,6
3844,12265,4,0,2,5
3845,12265,6,3,3,4
3846,12265,4,0,4,7
3847,12265,5,4,0,4
3848,12265,4,2,2,5
3849,12265,6,3,1,6
3850,12265,5,2,1,4
3851,12265,5,1,3,6
3852,12265,6,3,2,4
3853,12265,1,0,0,4
3854,12265,3,0,4,7
3855,12265,4,0,2,5
3856,12265,4,1,0,4
3857,12265,4,1,7,9
3858,12265,1,0,1,5
3859,12265,6,1,2,4
3860,12265,5,0,2,3
3861,12265,1,0,4,5
3862,12265,8,3,5,7
3863,12265,4,0,5,7
3864,12265,3,0,3,7
3865,12265,4,0,1,4
3866,12265,6,3,0,4
3867,12265,6,4,6,10
3868,12345,4,3,4,5
3869,12345,3,0,2,5
3870,12345,5,4,0,6
3871,12345,4,2,1,5
3872,12345,4,0,4,4
3873,12345,5,0,3,5
3874,12345,5,3,1,4
3875,12345,4,1,6,11
3876,12345,4,0,2,5
3877,12345,5,0,3,7
3878,12345,5,0,2,6
3879,12345,3,0,0,5
3880,12345,3,1,1,3
3881,12345,3,0,2,4
3882,12345,5,1,0,4
3883,12345,7,3,0,2
3884,12345,4,0,4,7
3885,12345,7,4,2,5
3886,12345,3,0,3,5
3887,12345,11,6,0,2
3888,12345,6,3,3,6
3889,12345,4,0,0,4
3890,12345,8,3,0,4
3891,12345,7,4,3,6
3892,12345,6,3,0,5
3893,12424,5,1,3,7
3894,12424,4,3,1,4
3895,12424,6,1,1,4
3896,12424,8,3,1,4
3897,12424,5,2,1,4
3898,12424,3,1,2,5
3899,12424,5,1,3,5
3900,12424,5,4,4,8
3901,12424,4,2,4,7
3902,12424,4,0,4,7
3903,12424,1,0,2,1
3904,12424,2,0,0,2
3905,12424,3,0,4,8
3906,12424,5,2,1,6
3907,12424,6,2,2,3
3908,12424,2,0,4,7
3909,12424,4,0,5,8
3910,12424,5,3,2,3
3911,12424,6,6,3,6
3912,12424,7,4,0,3
3913,12424,6,4,6,6
3914,12424,4,3,0,4
3915,12424,4,0,1,5
3916,12424,10,6,3,7
3917,12424,4,1,0,4
3918,12503,4,2,0,4
3919,12503,5,0,3,7
3920,12503,5,2,2,4
3921,12503,8,3,3,4
3922,12503,6,3,1,4
3923,12503,3,0,2,6
3924,12503,5,2,2,6
3925,12503,7,2,1,4
3926,12503,4,1,1,4
3927,12503,5,0,0,4
3928,12503,11,6,2,5
3929,12503,5,2,0,0
3930,12503,5,3,1,4
3931,12503,5,4,0,1
3932,12503,3,0,0,3
3933,12503,5,3,1,5
3934,12503,4,1,6,9
3935,12503,4,3,0,4
3936,12503,7,2,0,4
3937,12503,6,4,1,6
3938,12503,5,2,0,1
3939,12503,7,3,3,4
3940,12503,9,4,1,3
3941,12503,4,0,3,7
3942,12503,4,0,3,5
3943,12582,6,1,1,6
3944,12582,6,3,0,5
3945,12582,4,3,4,4
3946,12582,4,0,2,4
3947,12582,4,0,1,4
3948,12582,5,0,2,4
3949,12582,4,3,0,5
3950,12582,4,0,4,9
3951,12582,9,4,2,4
3952,12582,7,5,1,3
3953,12582,5,2,3,4
3954,12582,8,5,5,5
3955,12582,7,3,0,2
3956,12582,7,3,0,4
3957,12582,7,4,0,2
3958,12582,8,3,4,7
3959,12582,7,3,6,6
3960,12582,6,4,2,3
3961,12582,7,0,3,7
3962,12582,4,3,0,4
3963,12582,4,1,2,6
3964,12582,9,2,3,7
3965,12582,3,0,4,7
3966,12582,4,1,0,5
3967,12582,7,3,3,7
3968,12662,7,4,1,4
3969,12662,5,3,1,4
3970,12662,4,1,1,4
3971,12662,6,3,2,4
3972,12662,5,2,0,3
3973,12662,6,2,3,4
3974,12662,4,1,1,4
3975,12662,6,2,0,4
3976,12662,8,3,2,4
3977,12662,8,2,0,4
3978,12662,7,3,4,9
3979,12662,2,0,0,1
3980,12662,4,0,2,6
3981,12662,3,0,1,4
3982,12662,4,0,1,4
3983,12662,4,0,2,7
3984,12662,4,0,2,3
3985,12662,6,3,3,7
3986,12662,8,3,4,7
3987,12662,7,4,2,4
3988,12662,3,1,0,4
3989,12662,4,1,1,3
3990,12662,6,2,0,1
3991,12662,4,0,5,6
3992,12662,4,0,2,4
3993,12741,4,1,0,4
3994,12741,9,3,4,5
3995,12741,4,1,0,2
3996,12741,6,3,2,4
3997,12741,5,3,2,5
3998,12741,6,1,3,5
3999,12741,5,0,2,4
4000,12741,4,1,4,6
4001,12741,4,0,3,8
4002,12741,6,3,2,4
4003,12741,4,0,0,4
4004,12741,6,2,2,5
4005,12741,7,4,1,3
4006,12741,4,0,4,6
4007,12741,7,3,0,1
4008,12741,7,0,4,5
4009,12741,4,1,4,9
4010,12741,6,5,4,7
4011,12741,11,7,1,5
4012,12741,3,0,0,2
4013,12741,4,1,0,4
4014,12741,4,0,4,6
4015,12741,3,0,5,7
4016,12741,5,2,2,4
4017,12741,7,4,4,8
4018,12820,5,0,2,4
4019,12820,4,1,0,4
4020,12820,6,2,3,6
4021,12820,4,2,0,5
4022,12820,5,0,0,3
4023,12820,4,2,2,5
4024,12820,6,2,2,3
4025,12820,4,1,1,4
4026,12820,4,0,4,7
4027,12820,7,3,1,2
4028,12820,5,3,2,4
4029,12820,9,4,1,2
4030,12820,4,2,0,4
4031,12820,4,2,2,6
4032,12820,5,3,0,3
4033,12820,8,6,7,11
4034,12820,4,0,2,4
4035,12820,7,5,1,7
4036,12820,3,1,0,4
4037,12820,2,1,4,9
4038,12820,3,0,4,5
4039,12820,3,4,5,7
4040,12820,5,3,2,6
4041,12820,9,3,0,5
4042,12820,4,0,6,10
4043,12899,2,2,0,3
4044,12899,7,1,1,4
4045,12899,5,4,4,7
4046,12899,4,1,3,5
4047,12899,5,3,0,4
4048,12899,4,2,4,7
4049,12899,4,3,3,5
4050,12899,6,2,5,8
4051,12899,7,3,0,1
4052,12899,6,4,0,1
4053,12899,5,3,2,6
4054,12899,4,1,3,4
4055,12899,7,3,4,4
4056,12899,3,0,2,3
4057,12899,6,1,1,5
4058,12899,9,4,1,4
4059,12899,8,3,4,9
4060,12899,6,3,0,3
4061,12899,7,3,2,6
4062,12899,7,4,1,3
4063,12899,7,4,2,4
4064,12899,7,2,4,10
4065,12899,4,3,1,7
4066,12899,4,1,2,7
4067,12899,9,4,1,3
